Protocollo;Gruppo;DataOraIncidente;Localizzazione1;STRADA1;Localizzazione2;STRADA2;Strada02;Chilometrica;DaSpecificare;NaturaIncidente;particolaritastrade;TipoStrada;FondoStradale;Pavimentazione;Segnaletica;CondizioneAtmosferica;Traffico;Visibilita;Illuminazione;NUM_FERITI;NUM_RISERVATA;NUM_MORTI;NUM_ILLESI;Longitudine;Latitudine;Confermato;Progressivo;TipoVeicolo;StatoVeicolo;TipoPersona;Sesso;Tipolesione;Deceduto;DecedutoDopo;CinturaCascoUtilizzato;Airbag
1670772;13;10/02/2006 19:30;Strada Urbana;VIA DEL MARE;da specificare;;;;FRONTE CINELAND;Tamponamento Multiplo;Rettilineo;Una carreggiata a doppio senso;Asciutto;Asfaltata;Orizzontale;Sereno;Intenso;Buona;Inesistente;2;0;0;1;;;-1;1;Autovettura privata;In marcia / fermata / arresto;Conducente;F;Rimandato;0;NON DECEDUTO;Utilizzato;Inesistente
1670772;13;10/02/2006 19:30;Strada Urbana;VIA DEL MARE;da specificare;;;;FRONTE CINELAND;Tamponamento Multiplo;Rettilineo;Una carreggiata a doppio senso;Asciutto;Asfaltata;Orizzontale;Sereno;Intenso;Buona;Inesistente;2;0;0;1;;;-1;2;Autovettura privata;Allontanatosi;Conducente;M;Illeso;0;;Utilizzato;Inesistente
1670772;13;10/02/2006 19:30;Strada Urbana;VIA DEL MARE;da specificare;;;;FRONTE CINELAND;Tamponamento Multiplo;Rettilineo;Una carreggiata a doppio senso;Asciutto;Asfaltata;Orizzontale;Sereno;Intenso;Buona;Inesistente;2;0;0;1;;;-1;3;Autovettura privata;Allontanatosi;Conducente;M;Rimandato;0;NON DECEDUTO;Utilizzato;Inesistente
1670773;15;11/02/2006 04:45;Strada Urbana;VIA DELLA MAGLIANA;in corrispondenza;;del civico n. ;225;;Veicolo in marcia contro veicolo in sosta;Rettilineo;Una carreggiata a doppio senso;Asciutto;Asfaltata;Orizzontale;Sereno;Scarso;Buona;Sufficiente;0;0;0;1;;;-1;1;Autovettura privata;In marcia / fermata / arresto;Conducente;M;Illeso;0;;Utilizzato;Inesistente
1670774;15;10/02/2006 09:30;Strada Urbana;VIALE ISACCO NEWTON;da specificare;;;;prossimità svincolo v.Imbrecciato-S.Pantaleo ;Scontro laterale fra veicoli in marcia;Curva a visuale libera;Due carreggiate;Asciutto;Asfaltata;Verticale ed orizzontale;Sereno;Normale;Buona;Ore Diurne;0;0;0;2;;;-1;1;Autocarro inferiore 35 q.;In marcia / fermata / arresto;Conducente;M;Illeso;0;;Utilizzato;Inesistente
1670774;15;10/02/2006 09:30;Strada Urbana;VIALE ISACCO NEWTON;da specificare;;;;prossimità svincolo v.Imbrecciato-S.Pantaleo ;Scontro laterale fra veicoli in marcia;Curva a visuale libera;Due carreggiate;Asciutto;Asfaltata;Verticale ed orizzontale;Sereno;Normale;Buona;Ore Diurne;0;0;0;2;;;-1;2;Autovettura privata;In marcia / fermata / arresto;Conducente;F;Illeso;0;;Utilizzato;Inesistente
1670775;15;10/02/2006 15:30;Strada Urbana;VIA DELLA CASETTA MATTEI;all'intersezione con;VIA DELLA GHERARDESCA;VIA DELLA GHERARDESCA;;;Scontro frontale/laterale DX fra veicoli in marcia;Incrocio;Una carreggiata a doppio senso;Bagnato (pioggia);Asfaltata;Orizzontale;Sereno;Normale;Buona;Ore Diurne;0;0;0;4;;;-1;1;Autocarro inferiore 35 q.;In marcia / fermata / arresto;Conducente;M;Illeso;0;;Utilizzato;Inesistente
1670775;15;10/02/2006 15:30;Strada Urbana;VIA DELLA CASETTA MATTEI;all'intersezione con;VIA DELLA GHERARDESCA;VIA DELLA GHERARDESCA;;;Scontro frontale/laterale DX fra veicoli in marcia;Incrocio;Una carreggiata a doppio senso;Bagnato (pioggia);Asfaltata;Orizzontale;Sereno;Normale;Buona;Ore Diurne;0;0;0;4;;;-1;1;Autocarro inferiore 35 q.;In marcia / fermata / arresto;Passeggero;F;Illeso;0;;Utilizzato;Inesistente
1670775;15;10/02/2006 15:30;Strada Urbana;VIA DELLA CASETTA MATTEI;all'intersezione con;VIA DELLA GHERARDESCA;VIA DELLA GHERARDESCA;;;Scontro frontale/laterale DX fra veicoli in marcia;Incrocio;Una carreggiata a doppio senso;Bagnato (pioggia);Asfaltata;Orizzontale;Sereno;Normale;Buona;Ore Diurne;0;0;0;4;;;-1;2;Motociclo con passeggero;In marcia / fermata / arresto;Conducente;M;Illeso;0;;Utilizzato;Inesistente
1670775;15;10/02/2006 15:30;Strada Urbana;VIA DELLA CASETTA MATTEI;all'intersezione con;VIA DELLA GHERARDESCA;VIA DELLA GHERARDESCA;;;Scontro frontale/laterale DX fra veicoli in marcia;Incrocio;Una carreggiata a doppio senso;Bagnato (pioggia);Asfaltata;Orizzontale;Sereno;Normale;Buona;Ore Diurne;0;0;0;4;;;-1;2;Motociclo con passeggero;In marcia / fermata / arresto;Passeggero;M;Illeso;0;;Utilizzato;Inesistente
1670776;15;10/02/2006 16:30;Strada Urbana;VIA DELLA CASETTA MATTEI;in corrispondenza;;del civico n. ;153/H;;Investimento di pedone;Rettilineo;Una carreggiata a doppio senso;Bagnato (umidità in atto);Asfaltata;Orizzontale;Sereno;Normale;Buona;Ore Diurne;1;0;0;1;;;-1;;;;Pedone;F;Rimandato;0;NON DECEDUTO;;
1670776;15;10/02/2006 16:30;Strada Urbana;VIA DELLA CASETTA MATTEI;in corrispondenza;;del civico n. ;153/H;;Investimento di pedone;Rettilineo;Una carreggiata a doppio senso;Bagnato (umidità in atto);Asfaltata;Orizzontale;Sereno;Normale;Buona;Ore Diurne;1;0;0;1;;;-1;1;Ciclomotore;In marcia / fermata / arresto;Conducente;M;Illeso;0;;Utilizzato;Inesistente
1670777;15;10/02/2006 16:50;Strada Urbana;VIA DEL MONTE DELLE CAPRE;all'intersezione con;VICOLO DEL MONTE DELLE CAPRE;VICOLO DEL MONTE DELLE CAPRE;;;Scontro frontale fra veicoli in marcia;Incrocio;Una carreggiata a doppio senso;Asciutto;Asfaltata;Assente;Sereno;Normale;Sufficiente;Sufficiente;1;0;0;1;;;-1;1;Ciclomotore;In marcia / fermata / arresto;Conducente;M;Rimandato;0;NON DECEDUTO;Utilizzato;Inesistente
1670777;15;10/02/2006 16:50;Strada Urbana;VIA DEL MONTE DELLE CAPRE;all'intersezione con;VICOLO DEL MONTE DELLE CAPRE;VICOLO DEL MONTE DELLE CAPRE;;;Scontro frontale fra veicoli in marcia;Incrocio;Una carreggiata a doppio senso;Asciutto;Asfaltata;Assente;Sereno;Normale;Sufficiente;Sufficiente;1;0;0;1;;;-1;2;Motociclo a solo;In marcia / fermata / arresto;Conducente;M;Illeso;0;;Utilizzato;Inesistente
1670778;15;10/02/2006 17:00;Strada Urbana;VIA DELLA MAGLIANA;da specificare;;;;AREA DI SERVIZIO TRA V. DELLA MAGLIANA E V. MIGLIO;Infortunio per caduta del veicolo;Rettilineo;Una carreggiata a doppio senso;Asciutto;Asfaltata;Assente;Sereno;Normale;Buona;Ore Diurne;0;0;0;5;;;-1;1;Autovettura privata;In marcia / fermata / arresto;Conducente;F;Illeso;0;;Utilizzato;Inesistente
1670778;15;10/02/2006 17:00;Strada Urbana;VIA DELLA MAGLIANA;da specificare;;;;AREA DI SERVIZIO TRA V. DELLA MAGLIANA E V. MIGLIO;Infortunio per caduta del veicolo;Rettilineo;Una carreggiata a doppio senso;Asciutto;Asfaltata;Assente;Sereno;Normale;Buona;Ore Diurne;0;0;0;5;;;-1;1;Autovettura privata;In marcia / fermata / arresto;Passeggero;M;Illeso;0;;Utilizzato;Inesistente
1670778;15;10/02/2006 17:00;Strada Urbana;VIA DELLA MAGLIANA;da specificare;;;;AREA DI SERVIZIO TRA V. DELLA MAGLIANA E V. MIGLIO;Infortunio per caduta del veicolo;Rettilineo;Una carreggiata a doppio senso;Asciutto;Asfaltata;Assente;Sereno;Normale;Buona;Ore Diurne;0;0;0;5;;;-1;2;Autovettura privata;In marcia / fermata / arresto;Conducente;M;Illeso;0;;Utilizzato;Inesistente
1670778;15;10/02/2006 17:00;Strada Urbana;VIA DELLA MAGLIANA;da specificare;;;;AREA DI SERVIZIO TRA V. DELLA MAGLIANA E V. MIGLIO;Infortunio per caduta del veicolo;Rettilineo;Una carreggiata a doppio senso;Asciutto;Asfaltata;Assente;Sereno;Normale;Buona;Ore Diurne;0;0;0;5;;;-1;2;Autovettura privata;In marcia / fermata / arresto;Passeggero;M;Illeso;0;;Utilizzato;Inesistente
1670779;15;11/02/2006 07:15;Strada Urbana;VIA LUIGI ERCOLE MORSELLI;da specificare;;;;prossimità VIA L.D'ASTI;Veicolo in marcia contro ostacolo accidentale;Rettilineo;Una carreggiata a doppio senso;Ghiacciato;Asfaltata;Assente;Sereno;Scarso;Buona;Ore Diurne;1;0;0;0;;;-1;1;Motociclo a solo;In marcia / fermata / arresto;Conducente;F;Rimandato;0;NON DECEDUTO;Non accertato;Inesistente
1670780;15;11/02/2006 07:30;Strada Urbana;VIA LUIGI ERCOLE MORSELLI;da specificare;;;;prossimità VIA. L. Dasti;Veicolo in marcia contro ostacolo accidentale;Rettilineo;Una carreggiata a doppio senso;Ghiacciato;Asfaltata;Assente;Sereno;Scarso;Buona;Ore Diurne;1;0;0;0;;;-1;1;Motociclo a solo;In marcia / fermata / arresto;Conducente;M;Rimandato;0;NON DECEDUTO;Utilizzato;Inesistente
1670786;17;06/02/2006 23:05;Strada Urbana;VIA TRIONFALE;in prossimità;;del civico n. ;190;;Fuoriuscita dalla sede stradale;Curva senza visuale libera;Una carreggiata a doppio senso;Asciutto;Asfaltata;Orizzontale;Sereno;Scarso;Buona;Insufficiente;7;12;12;0;;;-1;1;Autobus urbano;In marcia / fermata / arresto;Passeggero;M;Deceduto sul posto;-1;;Non accertato;Inesistente
1670786;17;06/02/2006 23:05;Strada Urbana;VIA TRIONFALE;in prossimità;;del civico n. ;190;;Fuoriuscita dalla sede stradale;Curva senza visuale libera;Una carreggiata a doppio senso;Asciutto;Asfaltata;Orizzontale;Sereno;Scarso;Buona;Insufficiente;7;12;12;0;;;-1;1;Autobus urbano;In marcia / fermata / arresto;Passeggero;F;Prognosi riservata;0;NON DECEDUTO;Non accertato;Inesistente
1670786;17;06/02/2006 23:05;Strada Urbana;VIA TRIONFALE;in prossimità;;del civico n. ;190;;Fuoriuscita dalla sede stradale;Curva senza visuale libera;Una carreggiata a doppio senso;Asciutto;Asfaltata;Orizzontale;Sereno;Scarso;Buona;Insufficiente;7;12;12;0;;;-1;1;Autobus urbano;In marcia / fermata / arresto;Passeggero;F;Prognosi riservata;0;NON DECEDUTO;Non accertato;Inesistente
1670786;17;06/02/2006 23:05;Strada Urbana;VIA TRIONFALE;in prossimità;;del civico n. ;190;;Fuoriuscita dalla sede stradale;Curva senza visuale libera;Una carreggiata a doppio senso;Asciutto;Asfaltata;Orizzontale;Sereno;Scarso;Buona;Insufficiente;7;12;12;0;;;-1;1;Autobus urbano;In marcia / fermata / arresto;Conducente;M;Prognosi riservata;0;NON DECEDUTO;Esente;Inesistente
1670786;17;06/02/2006 23:05;Strada Urbana;VIA TRIONFALE;in prossimità;;del civico n. ;190;;Fuoriuscita dalla sede stradale;Curva senza visuale libera;Una carreggiata a doppio senso;Asciutto;Asfaltata;Orizzontale;Sereno;Scarso;Buona;Insufficiente;7;12;12;0;;;-1;1;Autobus urbano;In marcia / fermata / arresto;Passeggero;F;Prognosi riservata;0;NON DECEDUTO;Non accertato;Inesistente
1670786;17;06/02/2006 23:05;Strada Urbana;VIA TRIONFALE;in prossimità;;del civico n. ;190;;Fuoriuscita dalla sede stradale;Curva senza visuale libera;Una carreggiata a doppio senso;Asciutto;Asfaltata;Orizzontale;Sereno;Scarso;Buona;Insufficiente;7;12;12;0;;;-1;1;Autobus urbano;In marcia / fermata / arresto;Passeggero;M;Prognosi riservata;0;NON DECEDUTO;Non accertato;Inesistente
1670786;17;06/02/2006 23:05;Strada Urbana;VIA TRIONFALE;in prossimità;;del civico n. ;190;;Fuoriuscita dalla sede stradale;Curva senza visuale libera;Una carreggiata a doppio senso;Asciutto;Asfaltata;Orizzontale;Sereno;Scarso;Buona;Insufficiente;7;12;12;0;;;-1;1;Autobus urbano;In marcia / fermata / arresto;Passeggero;M;Ricoverato;0;NON DECEDUTO;Non accertato;Inesistente
1670786;17;06/02/2006 23:05;Strada Urbana;VIA TRIONFALE;in prossimità;;del civico n. ;190;;Fuoriuscita dalla sede stradale;Curva senza visuale libera;Una carreggiata a doppio senso;Asciutto;Asfaltata;Orizzontale;Sereno;Scarso;Buona;Insufficiente;7;12;12;0;;;-1;1;Autobus urbano;In marcia / fermata / arresto;Passeggero;F;Prognosi riservata;0;NON DECEDUTO;Non accertato;Inesistente
1670786;17;06/02/2006 23:05;Strada Urbana;VIA TRIONFALE;in prossimità;;del civico n. ;190;;Fuoriuscita dalla sede stradale;Curva senza visuale libera;Una carreggiata a doppio senso;Asciutto;Asfaltata;Orizzontale;Sereno;Scarso;Buona;Insufficiente;7;12;12;0;;;-1;1;Autobus urbano;In marcia / fermata / arresto;Passeggero;F;Deceduto sul posto;-1;;Non accertato;Inesistente
1670786;17;06/02/2006 23:05;Strada Urbana;VIA TRIONFALE;in prossimità;;del civico n. ;190;;Fuoriuscita dalla sede stradale;Curva senza visuale libera;Una carreggiata a doppio senso;Asciutto;Asfaltata;Orizzontale;Sereno;Scarso;Buona;Insufficiente;7;12;12;0;;;-1;1;Autobus urbano;In marcia / fermata / arresto;Passeggero;F;Ricoverato;0;NON DECEDUTO;Non accertato;Inesistente
1670786;17;06/02/2006 23:05;Strada Urbana;VIA TRIONFALE;in prossimità;;del civico n. ;190;;Fuoriuscita dalla sede stradale;Curva senza visuale libera;Una carreggiata a doppio senso;Asciutto;Asfaltata;Orizzontale;Sereno;Scarso;Buona;Insufficiente;7;12;12;0;;;-1;1;Autobus urbano;In marcia / fermata / arresto;Passeggero;F;Deceduto sul posto;-1;;Non accertato;Inesistente
1670786;17;06/02/2006 23:05;Strada Urbana;VIA TRIONFALE;in prossimità;;del civico n. ;190;;Fuoriuscita dalla sede stradale;Curva senza visuale libera;Una carreggiata a doppio senso;Asciutto;Asfaltata;Orizzontale;Sereno;Scarso;Buona;Insufficiente;7;12;12;0;;;-1;1;Autobus urbano;In marcia / fermata / arresto;Passeggero;M;Prognosi riservata;0;NON DECEDUTO;Non accertato;Inesistente
1670786;17;06/02/2006 23:05;Strada Urbana;VIA TRIONFALE;in prossimità;;del civico n. ;190;;Fuoriuscita dalla sede stradale;Curva senza visuale libera;Una carreggiata a doppio senso;Asciutto;Asfaltata;Orizzontale;Sereno;Scarso;Buona;Insufficiente;7;12;12;0;;;-1;1;Autobus urbano;In marcia / fermata / arresto;Passeggero;F;Deceduto sul posto;-1;;Non accertato;Inesistente
1670786;17;06/02/2006 23:05;Strada Urbana;VIA TRIONFALE;in prossimità;;del civico n. ;190;;Fuoriuscita dalla sede stradale;Curva senza visuale libera;Una carreggiata a doppio senso;Asciutto;Asfaltata;Orizzontale;Sereno;Scarso;Buona;Insufficiente;7;12;12;0;;;-1;1;Autobus urbano;In marcia / fermata / arresto;Passeggero;M;Ricoverato;0;NON DECEDUTO;Non accertato;Inesistente
1670786;17;06/02/2006 23:05;Strada Urbana;VIA TRIONFALE;in prossimità;;del civico n. ;190;;Fuoriuscita dalla sede stradale;Curva senza visuale libera;Una carreggiata a doppio senso;Asciutto;Asfaltata;Orizzontale;Sereno;Scarso;Buona;Insufficiente;7;12;12;0;;;-1;1;Autobus urbano;In marcia / fermata / arresto;Passeggero;F;Deceduto sul posto;-1;;Non accertato;Inesistente
1670786;17;06/02/2006 23:05;Strada Urbana;VIA TRIONFALE;in prossimità;;del civico n. ;190;;Fuoriuscita dalla sede stradale;Curva senza visuale libera;Una carreggiata a doppio senso;Asciutto;Asfaltata;Orizzontale;Sereno;Scarso;Buona;Insufficiente;7;12;12;0;;;-1;1;Autobus urbano;In marcia / fermata / arresto;Passeggero;F;Deceduto sul posto;-1;;Non accertato;Inesistente
1670786;17;06/02/2006 23:05;Strada Urbana;VIA TRIONFALE;in prossimità;;del civico n. ;190;;Fuoriuscita dalla sede stradale;Curva senza visuale libera;Una carreggiata a doppio senso;Asciutto;Asfaltata;Orizzontale;Sereno;Scarso;Buona;Insufficiente;7;12;12;0;;;-1;1;Autobus urbano;In marcia / fermata / arresto;Passeggero;F;Ricoverato;0;NON DECEDUTO;Non accertato;Inesistente
1670786;17;06/02/2006 23:05;Strada Urbana;VIA TRIONFALE;in prossimità;;del civico n. ;190;;Fuoriuscita dalla sede stradale;Curva senza visuale libera;Una carreggiata a doppio senso;Asciutto;Asfaltata;Orizzontale;Sereno;Scarso;Buona;Insufficiente;7;12;12;0;;;-1;1;Autobus urbano;In marcia / fermata / arresto;Passeggero;F;Deceduto sul posto;-1;;Non accertato;Inesistente
1670786;17;06/02/2006 23:05;Strada Urbana;VIA TRIONFALE;in prossimità;;del civico n. ;190;;Fuoriuscita dalla sede stradale;Curva senza visuale libera;Una carreggiata a doppio senso;Asciutto;Asfaltata;Orizzontale;Sereno;Scarso;Buona;Insufficiente;7;12;12;0;;;-1;1;Autobus urbano;In marcia / fermata / arresto;Passeggero;M;Prognosi riservata;0;NON DECEDUTO;Non accertato;Inesistente
1670786;17;06/02/2006 23:05;Strada Urbana;VIA TRIONFALE;in prossimità;;del civico n. ;190;;Fuoriuscita dalla sede stradale;Curva senza visuale libera;Una carreggiata a doppio senso;Asciutto;Asfaltata;Orizzontale;Sereno;Scarso;Buona;Insufficiente;7;12;12;0;;;-1;1;Autobus urbano;In marcia / fermata / arresto;Passeggero;M;Deceduto sul posto;-1;;Non accertato;Inesistente
1670786;17;06/02/2006 23:05;Strada Urbana;VIA TRIONFALE;in prossimità;;del civico n. ;190;;Fuoriuscita dalla sede stradale;Curva senza visuale libera;Una carreggiata a doppio senso;Asciutto;Asfaltata;Orizzontale;Sereno;Scarso;Buona;Insufficiente;7;12;12;0;;;-1;1;Autobus urbano;In marcia / fermata / arresto;Passeggero;M;Deceduto sul posto;-1;;Non accertato;Inesistente
1670786;17;06/02/2006 23:05;Strada Urbana;VIA TRIONFALE;in prossimità;;del civico n. ;190;;Fuoriuscita dalla sede stradale;Curva senza visuale libera;Una carreggiata a doppio senso;Asciutto;Asfaltata;Orizzontale;Sereno;Scarso;Buona;Insufficiente;7;12;12;0;;;-1;1;Autobus urbano;In marcia / fermata / arresto;Passeggero;F;Ricoverato;0;NON DECEDUTO;Non accertato;Inesistente
1670786;17;06/02/2006 23:05;Strada Urbana;VIA TRIONFALE;in prossimità;;del civico n. ;190;;Fuoriuscita dalla sede stradale;Curva senza visuale libera;Una carreggiata a doppio senso;Asciutto;Asfaltata;Orizzontale;Sereno;Scarso;Buona;Insufficiente;7;12;12;0;;;-1;1;Autobus urbano;In marcia / fermata / arresto;Passeggero;F;Deceduto sul posto;-1;;Non accertato;Inesistente
1670786;17;06/02/2006 23:05;Strada Urbana;VIA TRIONFALE;in prossimità;;del civico n. ;190;;Fuoriuscita dalla sede stradale;Curva senza visuale libera;Una carreggiata a doppio senso;Asciutto;Asfaltata;Orizzontale;Sereno;Scarso;Buona;Insufficiente;7;12;12;0;;;-1;1;Autobus urbano;In marcia / fermata / arresto;Passeggero;F;Prognosi riservata;0;NON DECEDUTO;Non accertato;Inesistente
1670786;17;06/02/2006 23:05;Strada Urbana;VIA TRIONFALE;in prossimità;;del civico n. ;190;;Fuoriuscita dalla sede stradale;Curva senza visuale libera;Una carreggiata a doppio senso;Asciutto;Asfaltata;Orizzontale;Sereno;Scarso;Buona;Insufficiente;7;12;12;0;;;-1;1;Autobus urbano;In marcia / fermata / arresto;Passeggero;M;Prognosi riservata;0;NON DECEDUTO;Non accertato;Inesistente
1670786;17;06/02/2006 23:05;Strada Urbana;VIA TRIONFALE;in prossimità;;del civico n. ;190;;Fuoriuscita dalla sede stradale;Curva senza visuale libera;Una carreggiata a doppio senso;Asciutto;Asfaltata;Orizzontale;Sereno;Scarso;Buona;Insufficiente;7;12;12;0;;;-1;1;Autobus urbano;In marcia / fermata / arresto;Passeggero;M;Deceduto sul posto;-1;;Non accertato;Inesistente
1670786;17;06/02/2006 23:05;Strada Urbana;VIA TRIONFALE;in prossimità;;del civico n. ;190;;Fuoriuscita dalla sede stradale;Curva senza visuale libera;Una carreggiata a doppio senso;Asciutto;Asfaltata;Orizzontale;Sereno;Scarso;Buona;Insufficiente;7;12;12;0;;;-1;1;Autobus urbano;In marcia / fermata / arresto;Passeggero;F;Deceduto sul posto;-1;;Non accertato;Inesistente
1670786;17;06/02/2006 23:05;Strada Urbana;VIA TRIONFALE;in prossimità;;del civico n. ;190;;Fuoriuscita dalla sede stradale;Curva senza visuale libera;Una carreggiata a doppio senso;Asciutto;Asfaltata;Orizzontale;Sereno;Scarso;Buona;Insufficiente;7;12;12;0;;;-1;1;Autobus urbano;In marcia / fermata / arresto;Passeggero;M;Ricoverato;0;NON DECEDUTO;Non accertato;Inesistente
1670787;18;10/02/2006 16:30;Strada Urbana;VIA DI SELVA CANDIDA;in corrispondenza;;del civico n. ;46;;Scontro frontale/laterale SX fra veicoli in marcia;Rettilineo;Una carreggiata a doppio senso;Asciutto;Asfaltata;Verticale;Sereno;Scarso;Buona;Ore Diurne;0;0;0;3;;;-1;1;Autovettura privata;In marcia / fermata / arresto;Conducente;M;Illeso;0;;Utilizzato;Inesploso
1670787;18;10/02/2006 16:30;Strada Urbana;VIA DI SELVA CANDIDA;in corrispondenza;;del civico n. ;46;;Scontro frontale/laterale SX fra veicoli in marcia;Rettilineo;Una carreggiata a doppio senso;Asciutto;Asfaltata;Verticale;Sereno;Scarso;Buona;Ore Diurne;0;0;0;3;;;-1;2;Autovettura privata;In marcia / fermata / arresto;Conducente;F;Illeso;0;;Utilizzato;Inesistente
1670787;18;10/02/2006 16:30;Strada Urbana;VIA DI SELVA CANDIDA;in corrispondenza;;del civico n. ;46;;Scontro frontale/laterale SX fra veicoli in marcia;Rettilineo;Una carreggiata a doppio senso;Asciutto;Asfaltata;Verticale;Sereno;Scarso;Buona;Ore Diurne;0;0;0;3;;;-1;2;Autovettura privata;In marcia / fermata / arresto;Passeggero;F;Illeso;0;;Utilizzato;Inesistente
1670788;18;10/02/2006 20:50;Strada Urbana;VIA DI BOCCEA;in prossimità;;del civico n. ;464;;Investimento di pedone;Rettilineo;Due carreggiate;Asciutto;Asfaltata;Verticale ed orizzontale;Sereno;Normale;Sufficiente;Sufficiente;0;2;0;0;;;-1;;;;Pedone;M;Prognosi riservata;0;NON DECEDUTO;;
1670788;18;10/02/2006 20:50;Strada Urbana;VIA DI BOCCEA;in prossimità;;del civico n. ;464;;Investimento di pedone;Rettilineo;Due carreggiate;Asciutto;Asfaltata;Verticale ed orizzontale;Sereno;Normale;Sufficiente;Sufficiente;0;2;0;0;;;-1;1;Motociclo a solo;In marcia / fermata / arresto;Conducente;M;Prognosi riservata;0;NON DECEDUTO;Utilizzato;Inesistente
1670789;19;10/02/2006 07:40;Strada Urbana;VIA TRIONFALE;da specificare;;;;iin pross. Via Ipogeo degli Ottavi;Scontro laterale fra veicoli in marcia;Rettilineo;Due carreggiate;Asciutto;Asfaltata;Verticale ed orizzontale;Sereno;Intenso;Buona;Ore Diurne;0;0;0;3;;;-1;1;Autovettura privata;In marcia / fermata / arresto;Conducente;F;Illeso;0;;Utilizzato;Inesploso
1670789;19;10/02/2006 07:40;Strada Urbana;VIA TRIONFALE;da specificare;;;;iin pross. Via Ipogeo degli Ottavi;Scontro laterale fra veicoli in marcia;Rettilineo;Due carreggiate;Asciutto;Asfaltata;Verticale ed orizzontale;Sereno;Intenso;Buona;Ore Diurne;0;0;0;3;;;-1;1;Autovettura privata;In marcia / fermata / arresto;Passeggero;F;Illeso;0;;Utilizzato;Inesistente
1670789;19;10/02/2006 07:40;Strada Urbana;VIA TRIONFALE;da specificare;;;;iin pross. Via Ipogeo degli Ottavi;Scontro laterale fra veicoli in marcia;Rettilineo;Due carreggiate;Asciutto;Asfaltata;Verticale ed orizzontale;Sereno;Intenso;Buona;Ore Diurne;0;0;0;3;;;-1;2;Autovettura privata;In marcia / fermata / arresto;Conducente;F;Illeso;0;;Non accertato;Inesistente
1670790;19;10/02/2006 09:40;Strada Urbana;VIA TRIONFALE;in corrispondenza;;del civico n. ;9028;;Scontro laterale fra veicoli in marcia;Rettilineo;Una carreggiata a doppio senso;Asciutto;Asfaltata;Orizzontale;Sereno;Intenso;Buona;Ore Diurne;1;0;0;1;;;-1;1;Motociclo a solo;In marcia / fermata / arresto;Conducente;M;Rimandato;0;NON DECEDUTO;Non accertato;Inesistente
1670790;19;10/02/2006 09:40;Strada Urbana;VIA TRIONFALE;in corrispondenza;;del civico n. ;9028;;Scontro laterale fra veicoli in marcia;Rettilineo;Una carreggiata a doppio senso;Asciutto;Asfaltata;Orizzontale;Sereno;Intenso;Buona;Ore Diurne;1;0;0;1;;;-1;2;Autovettura privata;In marcia / fermata / arresto;Conducente;F;Illeso;0;;Non accertato;Inesistente
1670791;19;10/02/2006 13:05;Strada Urbana;VIA DELLA VALLE DEI FONTANILI;all'intersezione con;VIA ANDERSEN;VIA ANDERSEN;;;Tamponamento;Incrocio;Una carreggiata a doppio senso;Asciutto;Asfaltata;Verticale ed orizzontale;Sereno;Normale;Buona;Ore Diurne;0;0;0;4;;;-1;1;Autovettura privata;In marcia / fermata / arresto;Conducente;F;Illeso;0;;Non accertato;Inesistente
1670791;19;10/02/2006 13:05;Strada Urbana;VIA DELLA VALLE DEI FONTANILI;all'intersezione con;VIA ANDERSEN;VIA ANDERSEN;;;Tamponamento;Incrocio;Una carreggiata a doppio senso;Asciutto;Asfaltata;Verticale ed orizzontale;Sereno;Normale;Buona;Ore Diurne;0;0;0;4;;;-1;1;Autovettura privata;In marcia / fermata / arresto;Passeggero;M;Illeso;0;;Utilizzato;Inesistente
1670791;19;10/02/2006 13:05;Strada Urbana;VIA DELLA VALLE DEI FONTANILI;all'intersezione con;VIA ANDERSEN;VIA ANDERSEN;;;Tamponamento;Incrocio;Una carreggiata a doppio senso;Asciutto;Asfaltata;Verticale ed orizzontale;Sereno;Normale;Buona;Ore Diurne;0;0;0;4;;;-1;2;Autovettura privata;In marcia / fermata / arresto;Conducente;F;Illeso;0;;Non accertato;Inesistente
1670791;19;10/02/2006 13:05;Strada Urbana;VIA DELLA VALLE DEI FONTANILI;all'intersezione con;VIA ANDERSEN;VIA ANDERSEN;;;Tamponamento;Incrocio;Una carreggiata a doppio senso;Asciutto;Asfaltata;Verticale ed orizzontale;Sereno;Normale;Buona;Ore Diurne;0;0;0;4;;;-1;2;Autovettura privata;In marcia / fermata / arresto;Passeggero;M;Illeso;0;;Utilizzato;Inesistente
1670792;19;10/02/2006 14:30;Strada Urbana;VIA TRIONFALE;in prossimità;;del civico n. ;8313;;Scontro laterale fra veicoli in marcia;Rettilineo;Una carreggiata a senso unico di marcia;Asciutto;Asfaltata;Orizzontale;Sereno;Normale;Buona;Ore Diurne;0;0;0;2;;;-1;1;Autocarro inferiore 35 q.;In marcia / fermata / arresto;Conducente;M;Illeso;0;;Non accertato;Inesistente
1670792;19;10/02/2006 14:30;Strada Urbana;VIA TRIONFALE;in prossimità;;del civico n. ;8313;;Scontro laterale fra veicoli in marcia;Rettilineo;Una carreggiata a senso unico di marcia;Asciutto;Asfaltata;Orizzontale;Sereno;Normale;Buona;Ore Diurne;0;0;0;2;;;-1;2;Autovettura privata;In marcia / fermata / arresto;Conducente;F;Illeso;0;;Non accertato;Inesistente
1670793;19;10/02/2006 15:30;Strada Urbana;VIA LUIGI MAGLIONE;in corrispondenza;;del civico n. ;20;;Scontro frontale fra veicoli in marcia;Rettilineo;Una carreggiata a senso unico di marcia;Asciutto;Asfaltata;Assente;Sereno;Normale;Buona;Ore Diurne;0;0;0;3;;;-1;1;Autovettura privata;Sosta;Passeggero;M;Illeso;0;;Utilizzato;Inesistente