Protocollo;Gruppo;DataOraIncidente;Localizzazione1;STRADA1;Localizzazione2;STRADA2;Strada02;Chilometrica;DaSpecificare;NaturaIncidente;particolaritastrade;TipoStrada;FondoStradale;Pavimentazione;Segnaletica;CondizioneAtmosferica;Traffico;Visibilita;Illuminazione;NUM_FERITI;NUM_RISERVATA;NUM_MORTI;NUM_ILLESI;Longitudine;Latitudine;Confermato;Progressivo;TipoVeicolo;StatoVeicolo;TipoPersona;Sesso;Tipolesione;Deceduto;DecedutoDopo;CinturaCascoUtilizzato;Airbag
1670892;20;11/02/2006 09:40;Strada Urbana;VIA DI GROTTAROSSA;in prossimità;;del civico n. ;141;;Scontro frontale/laterale SX fra veicoli in marcia;Curva a visuale libera;Una carreggiata a doppio senso;Asciutto;Asfaltata;Assente;Sereno;Normale;Buona;Ore Diurne;0;0;0;2;;;-1;2;Autovettura privata;In marcia / fermata / arresto;Conducente;M;Illeso;0;;Non accertato;Inesploso
1670893;20;11/02/2006 10:50;Strada Urbana;PIAZZALE DI PONTE MILVIO;da specificare;;;;Angolo via Flaminia;Veicolo in marcia contro veicolo fermo;Rettilineo;Una carreggiata a senso unico di marcia;Asciutto;Asfaltata;Verticale ed orizzontale;Sereno;Normale;Buona;Ore Diurne;0;0;0;1;;;-1;1;Autovettura privata;In marcia / fermata / arresto;Conducente;F;Illeso;0;;Non accertato;Inesploso
1670894;20;11/02/2006 12:10;Strada Urbana;VIALE DI TOR DI QUINTO;da specificare;;;;Fronte civ. 33/A;Veicolo in marcia contro veicolo fermo;Rettilineo;Una carreggiata a senso unico di marcia;Asciutto;Asfaltata;Verticale;Sereno;Intenso;Buona;Ore Diurne;0;0;0;2;;;-1;1;Autovettura privata;In marcia / fermata / arresto;Conducente;F;Illeso;0;;Non accertato;Inesistente
1670894;20;11/02/2006 12:10;Strada Urbana;VIALE DI TOR DI QUINTO;da specificare;;;;Fronte civ. 33/A;Veicolo in marcia contro veicolo fermo;Rettilineo;Una carreggiata a senso unico di marcia;Asciutto;Asfaltata;Verticale;Sereno;Intenso;Buona;Ore Diurne;0;0;0;2;;;-1;2;Autovettura privata;In marcia / fermata / arresto;Conducente;F;Illeso;0;;Non accertato;Inesistente
1670895;20;11/02/2006 12:45;Strada Urbana;VIA DI GROTTAROSSA;da specificare;;;;MT. 30 CIRCA PRIMA DI VIA OLMENETA;Fuoriuscita dalla sede stradale;Rettilineo;Una carreggiata a doppio senso;Asciutto;Asfaltata;Orizzontale;Sereno;Normale;Buona;Ore Diurne;1;0;0;0;;;-1;1;Autovettura privata;In marcia / fermata / arresto;Conducente;M;Rimandato;0;NON DECEDUTO;Non accertato;Inesistente
1670896;20;11/02/2006 16:45;Statale entro l'abitato;VIA FLAMINIA NUOVA;in prossimità;;del civico n. ;290;;Veicolo in marcia contro veicolo in sosta;Rettilineo;Una carreggiata a doppio senso;Asciutto;Asfaltata;Orizzontale;Sereno;Normale;Buona;Ore Diurne;1;0;0;2;;;-1;1;Autocarro superiore 35 q.;Sosta;Passeggero;M;Illeso;0;;Non accertato;Inesistente
1670896;20;11/02/2006 16:45;Statale entro l'abitato;VIA FLAMINIA NUOVA;in prossimità;;del civico n. ;290;;Veicolo in marcia contro veicolo in sosta;Rettilineo;Una carreggiata a doppio senso;Asciutto;Asfaltata;Orizzontale;Sereno;Normale;Buona;Ore Diurne;1;0;0;2;;;-1;1;Autocarro superiore 35 q.;Sosta;Passeggero;F;Illeso;0;;Non accertato;Inesistente
1670896;20;11/02/2006 16:45;Statale entro l'abitato;VIA FLAMINIA NUOVA;in prossimità;;del civico n. ;290;;Veicolo in marcia contro veicolo in sosta;Rettilineo;Una carreggiata a doppio senso;Asciutto;Asfaltata;Orizzontale;Sereno;Normale;Buona;Ore Diurne;1;0;0;2;;;-1;2;Ciclomotore;In marcia / fermata / arresto;Conducente;M;Ricoverato;0;NON DECEDUTO;Utilizzato;Inesistente
1670897;20;12/02/2006 00:05;Statale;VIA FLAMINIA;in corrispondenza;;del civico n. ;12500;;Veicolo in marcia contro veicolo in sosta;Curva a visuale libera;Una carreggiata a doppio senso;Asciutto;Asfaltata;Verticale ed orizzontale;Sereno;Scarso;Buona;Sufficiente;0;0;0;1;;;-1;1;Autovettura privata;In marcia / fermata / arresto;Conducente;M;Illeso;0;;Non accertato;Inesistente
1670898;20;12/02/2006 07:15;Strada Urbana;LARGO FERRARIS IV;all'intersezione con;VIA DEL FORO ITALICO;VIA DEL FORO ITALICO;;;Scontro frontale/laterale SX fra veicoli in marcia;Intersezione stradale segnalata;Due carreggiate;Asciutto;Asfaltata;Verticale ed orizzontale;Sereno;Scarso;Buona;Ore Diurne;0;0;0;2;;;-1;1;Autovettura privata;In marcia / fermata / arresto;Conducente;F;Illeso;0;;Non accertato;Inesistente
1670898;20;12/02/2006 07:15;Strada Urbana;LARGO FERRARIS IV;all'intersezione con;VIA DEL FORO ITALICO;VIA DEL FORO ITALICO;;;Scontro frontale/laterale SX fra veicoli in marcia;Intersezione stradale segnalata;Due carreggiate;Asciutto;Asfaltata;Verticale ed orizzontale;Sereno;Scarso;Buona;Ore Diurne;0;0;0;2;;;-1;2;Autovettura privata;In marcia / fermata / arresto;Conducente;M;Illeso;0;;Non accertato;Inesistente
1670899;20;12/02/2006 14:10;Strada Urbana;VIA DEL FORO ITALICO;da specificare;;;;interno galleria Giovanni xxiii direzione Pineta S;Tamponamento;Galleria illuminata;Una carreggiata a senso unico di marcia;Asciutto;Asfaltata;Verticale ed orizzontale;Sereno;Scarso;Buona;Ore Diurne;0;0;0;5;;;-1;1;Autovettura privata;In marcia / fermata / arresto;Conducente;M;Illeso;0;;Non accertato;Inesistente
1670899;20;12/02/2006 14:10;Strada Urbana;VIA DEL FORO ITALICO;da specificare;;;;interno galleria Giovanni xxiii direzione Pineta S;Tamponamento;Galleria illuminata;Una carreggiata a senso unico di marcia;Asciutto;Asfaltata;Verticale ed orizzontale;Sereno;Scarso;Buona;Ore Diurne;0;0;0;5;;;-1;1;Autovettura privata;In marcia / fermata / arresto;Passeggero;F;Illeso;0;;Non accertato;Inesistente
1670899;20;12/02/2006 14:10;Strada Urbana;VIA DEL FORO ITALICO;da specificare;;;;interno galleria Giovanni xxiii direzione Pineta S;Tamponamento;Galleria illuminata;Una carreggiata a senso unico di marcia;Asciutto;Asfaltata;Verticale ed orizzontale;Sereno;Scarso;Buona;Ore Diurne;0;0;0;5;;;-1;2;Autovettura privata;In marcia / fermata / arresto;Conducente;M;Illeso;0;;Non accertato;Inesploso
1670899;20;12/02/2006 14:10;Strada Urbana;VIA DEL FORO ITALICO;da specificare;;;;interno galleria Giovanni xxiii direzione Pineta S;Tamponamento;Galleria illuminata;Una carreggiata a senso unico di marcia;Asciutto;Asfaltata;Verticale ed orizzontale;Sereno;Scarso;Buona;Ore Diurne;0;0;0;5;;;-1;2;Autovettura privata;In marcia / fermata / arresto;Passeggero;F;Illeso;0;;Non accertato;Inesploso
1670900;20;12/02/2006 18:30;Strada Urbana;PIAZZA LAURO DE BOSIS;in prossimità;;del civico n. ;15;;Scontro frontale fra veicoli in marcia;Rettilineo;Una carreggiata a senso unico di marcia;Asciutto;Asfaltata;Verticale ed orizzontale;Sereno;Scarso;Buona;Sufficiente;1;0;0;2;;;-1;1;Autovettura privata;In marcia / fermata / arresto;Conducente;M;Illeso;0;;Non accertato;Inesploso
1670900;20;12/02/2006 18:30;Strada Urbana;PIAZZA LAURO DE BOSIS;in prossimità;;del civico n. ;15;;Scontro frontale fra veicoli in marcia;Rettilineo;Una carreggiata a senso unico di marcia;Asciutto;Asfaltata;Verticale ed orizzontale;Sereno;Scarso;Buona;Sufficiente;1;0;0;2;;;-1;1;Autovettura privata;In marcia / fermata / arresto;Passeggero;F;Illeso;0;;Non accertato;Inesploso
1670900;20;12/02/2006 18:30;Strada Urbana;PIAZZA LAURO DE BOSIS;in prossimità;;del civico n. ;15;;Scontro frontale fra veicoli in marcia;Rettilineo;Una carreggiata a senso unico di marcia;Asciutto;Asfaltata;Verticale ed orizzontale;Sereno;Scarso;Buona;Sufficiente;1;0;0;2;;;-1;2;Autovettura privata;In marcia / fermata / arresto;Conducente;F;Rifiuta cure immediate;0;NON DECEDUTO;Non accertato;Inesploso
1670901;20;12/02/2006 19:40;Strada Urbana;VIA CASSIA;da specificare;;;;Corrispondenza rampa GRA;Scontro frontale fra veicoli in marcia;Rettilineo;Una carreggiata a doppio senso;Asciutto;Asfaltata;Verticale ed orizzontale;Sereno;Normale;Buona;Sufficiente;0;0;0;2;;;-1;1;Autovettura privata;In marcia / fermata / arresto;Conducente;F;Illeso;0;;Non accertato;Inesploso
1670901;20;12/02/2006 19:40;Strada Urbana;VIA CASSIA;da specificare;;;;Corrispondenza rampa GRA;Scontro frontale fra veicoli in marcia;Rettilineo;Una carreggiata a doppio senso;Asciutto;Asfaltata;Verticale ed orizzontale;Sereno;Normale;Buona;Sufficiente;0;0;0;2;;;-1;2;Autovettura privata;In marcia / fermata / arresto;Conducente;M;Illeso;0;;Non accertato;Inesistente
1670902;20;12/02/2006 22:15;Strada Urbana;VICOLO CESANENSE;in prossimità;;del civico n. ;16;;Veicolo in marcia contro ostacolo fisso;Curva a visuale libera;Una carreggiata a doppio senso;Asciutto;Asfaltata;Orizzontale;Sereno;Scarso;Buona;Sufficiente;1;0;0;0;;;-1;1;Autovettura privata;In marcia / fermata / arresto;Conducente;M;Ricoverato;0;NON DECEDUTO;Non utilizzato;Inesistente
1670903;4;11/02/2006 20:50;Strada Urbana;VIA UGO OJETTI;all'intersezione con;LARGO SERGIO PUGLIESE;LARGO SERGIO PUGLIESE;;;Scontro frontale/laterale DX fra veicoli in marcia;Incrocio;Due carreggiate;Asciutto;Asfaltata;Verticale;Sereno;Scarso;Sufficiente;Sufficiente;1;0;0;3;;;-1;1;Autovettura privata;In marcia / fermata / arresto;Conducente;M;Illeso;0;;Non accertato;Inesistente
1670903;4;11/02/2006 20:50;Strada Urbana;VIA UGO OJETTI;all'intersezione con;LARGO SERGIO PUGLIESE;LARGO SERGIO PUGLIESE;;;Scontro frontale/laterale DX fra veicoli in marcia;Incrocio;Due carreggiate;Asciutto;Asfaltata;Verticale;Sereno;Scarso;Sufficiente;Sufficiente;1;0;0;3;;;-1;1;Autovettura privata;In marcia / fermata / arresto;Passeggero;M;Illeso;0;;Utilizzato;Inesistente
1670903;4;11/02/2006 20:50;Strada Urbana;VIA UGO OJETTI;all'intersezione con;LARGO SERGIO PUGLIESE;LARGO SERGIO PUGLIESE;;;Scontro frontale/laterale DX fra veicoli in marcia;Incrocio;Due carreggiate;Asciutto;Asfaltata;Verticale;Sereno;Scarso;Sufficiente;Sufficiente;1;0;0;3;;;-1;2;Autovettura privata;In marcia / fermata / arresto;Conducente;F;Rimandato;0;NON DECEDUTO;Non accertato;Inesistente
1670904;4;11/02/2006 13:15;Provinciale;VIA SALARIA;in prossimità;;della chilometrica ;16,4;;Scontro laterale fra veicoli in marcia;Rettilineo;Una carreggiata a doppio senso;Asciutto;Asfaltata;Orizzontale;Sereno;Scarso;Buona;Ore Diurne;0;0;0;4;;;-1;1;Autovettura privata;In marcia / fermata / arresto;Conducente;M;Illeso;0;;Non accertato;Inesistente
1670904;4;11/02/2006 13:15;Provinciale;VIA SALARIA;in prossimità;;della chilometrica ;16,4;;Scontro laterale fra veicoli in marcia;Rettilineo;Una carreggiata a doppio senso;Asciutto;Asfaltata;Orizzontale;Sereno;Scarso;Buona;Ore Diurne;0;0;0;4;;;-1;1;Autovettura privata;In marcia / fermata / arresto;Passeggero;M;Illeso;0;;Non accertato;Inesistente
1670904;4;11/02/2006 13:15;Provinciale;VIA SALARIA;in prossimità;;della chilometrica ;16,4;;Scontro laterale fra veicoli in marcia;Rettilineo;Una carreggiata a doppio senso;Asciutto;Asfaltata;Orizzontale;Sereno;Scarso;Buona;Ore Diurne;0;0;0;4;;;-1;2;Autovettura privata;In marcia / fermata / arresto;Conducente;M;Illeso;0;;Utilizzato;Inesistente
1670904;4;11/02/2006 13:15;Provinciale;VIA SALARIA;in prossimità;;della chilometrica ;16,4;;Scontro laterale fra veicoli in marcia;Rettilineo;Una carreggiata a doppio senso;Asciutto;Asfaltata;Orizzontale;Sereno;Scarso;Buona;Ore Diurne;0;0;0;4;;;-1;2;Autovettura privata;In marcia / fermata / arresto;Passeggero;F;Illeso;0;;Non accertato;Inesistente
1670905;4;11/02/2006 09:03;Strada Urbana;PIAZZA MENENIO AGRIPPA;all'intersezione semaforizzata con;VIA CIMONE;VIA CIMONE;;;Scontro laterale fra veicoli in marcia;Intersezione semaforizzata;Una carreggiata a senso unico di marcia;Asciutto;Asfaltata;Verticale ed orizzontale;Sereno;Normale;Buona;Ore Diurne;0;0;0;2;;;-1;1;Autovettura privata;In marcia / fermata / arresto;Conducente;M;Illeso;0;;Non accertato;Inesistente
1670905;4;11/02/2006 09:03;Strada Urbana;PIAZZA MENENIO AGRIPPA;all'intersezione semaforizzata con;VIA CIMONE;VIA CIMONE;;;Scontro laterale fra veicoli in marcia;Intersezione semaforizzata;Una carreggiata a senso unico di marcia;Asciutto;Asfaltata;Verticale ed orizzontale;Sereno;Normale;Buona;Ore Diurne;0;0;0;2;;;-1;2;Autocarro superiore 35 q.;In marcia / fermata / arresto;Conducente;M;Illeso;0;;Non accertato;Inesistente
1670906;4;11/02/2006 10:10;Statale entro l'abitato;VIA SALARIA;in prossimità;;del civico n. ;851;;Tamponamento;Rettilineo;Due carreggiate;Asciutto;Asfaltata;Orizzontale;Sereno;Normale;Buona;Ore Diurne;1;0;0;2;;;-1;1;Autovettura privata;In marcia / fermata / arresto;Conducente;M;Illeso;0;;Non accertato;Inesistente
1670906;4;11/02/2006 10:10;Statale entro l'abitato;VIA SALARIA;in prossimità;;del civico n. ;851;;Tamponamento;Rettilineo;Due carreggiate;Asciutto;Asfaltata;Orizzontale;Sereno;Normale;Buona;Ore Diurne;1;0;0;2;;;-1;1;Autovettura privata;In marcia / fermata / arresto;Passeggero;F;Illeso;0;;Non accertato;Inesistente
1670906;4;11/02/2006 10:10;Statale entro l'abitato;VIA SALARIA;in prossimità;;del civico n. ;851;;Tamponamento;Rettilineo;Due carreggiate;Asciutto;Asfaltata;Orizzontale;Sereno;Normale;Buona;Ore Diurne;1;0;0;2;;;-1;2;Motociclo a solo;In marcia / fermata / arresto;Conducente;M;Rimandato;0;NON DECEDUTO;Non accertato;Inesistente
1670907;4;11/02/2006 12:15;Strada Urbana;VIA JACOPONE DA TODI;in corrispondenza;;del civico n. ;40;;Veicolo in marcia contro veicolo in sosta;Rettilineo;Una carreggiata a senso unico di marcia;Asciutto;Asfaltata;Assente;Sereno;Scarso;Buona;Ore Diurne;0;0;0;1;;;-1;1;Autovettura privata;In marcia / fermata / arresto;Conducente;F;Illeso;0;;Non accertato;Inesistente
1670908;4;11/02/2006 16:00;Statale entro l'abitato;VIA SALARIA;all'intersezione con;RACCORDO SALARIO SETTEBAGNI;RACCORDO SALARIO SETTEBAGNI;;;Tamponamento;Incrocio;Due carreggiate;Asciutto;Asfaltata;Verticale ed orizzontale;Sereno;Normale;Buona;Ore Diurne;0;0;0;2;;;-1;1;Autovettura privata;In marcia / fermata / arresto;Conducente;M;Illeso;0;;Non accertato;Inesistente
1670908;4;11/02/2006 16:00;Statale entro l'abitato;VIA SALARIA;all'intersezione con;RACCORDO SALARIO SETTEBAGNI;RACCORDO SALARIO SETTEBAGNI;;;Tamponamento;Incrocio;Due carreggiate;Asciutto;Asfaltata;Verticale ed orizzontale;Sereno;Normale;Buona;Ore Diurne;0;0;0;2;;;-1;1;Autovettura privata;In marcia / fermata / arresto;Passeggero;F;Illeso;0;;Non accertato;Inesistente
1670909;5;11/02/2006 16:40;Strada Urbana;VIA EDOARDO D'ONOFRIO;in prossimità;;del civico n. ;68;;Veicolo in marcia contro veicolo in sosta;Rettilineo;Una carreggiata a doppio senso;Asciutto;Asfaltata;Verticale ed orizzontale;Sereno;Normale;Buona;Ore Diurne;0;0;0;2;;;-1;2;Autovettura privata;In marcia / fermata / arresto;Conducente;M;Illeso;0;;Non accertato;Inesistente
1670909;5;11/02/2006 16:40;Strada Urbana;VIA EDOARDO D'ONOFRIO;in prossimità;;del civico n. ;68;;Veicolo in marcia contro veicolo in sosta;Rettilineo;Una carreggiata a doppio senso;Asciutto;Asfaltata;Verticale ed orizzontale;Sereno;Normale;Buona;Ore Diurne;0;0;0;2;;;-1;2;Autovettura privata;In marcia / fermata / arresto;Passeggero;F;Illeso;0;;Non accertato;Inesistente
1670912;6;11/02/2006 17:40;Strada Urbana;VIA DI PORTA FURBA;all'intersezione con;VIA DEGLI ANGELI;VIA DEGLI ANGELI;;;Scontro frontale/laterale SX fra veicoli in marcia;Incrocio;Una carreggiata a doppio senso;Asciutto;Asfaltata;Verticale;Sereno;Intenso;Buona;Sufficiente;0;0;0;3;;;-1;1;Autovettura privata;In marcia / fermata / arresto;Conducente;F;Illeso;0;;Utilizzato;Inesploso
1670912;6;11/02/2006 17:40;Strada Urbana;VIA DI PORTA FURBA;all'intersezione con;VIA DEGLI ANGELI;VIA DEGLI ANGELI;;;Scontro frontale/laterale SX fra veicoli in marcia;Incrocio;Una carreggiata a doppio senso;Asciutto;Asfaltata;Verticale;Sereno;Intenso;Buona;Sufficiente;0;0;0;3;;;-1;1;Autovettura privata;In marcia / fermata / arresto;Passeggero;F;Illeso;0;;Utilizzato;Inesploso
1670912;6;11/02/2006 17:40;Strada Urbana;VIA DI PORTA FURBA;all'intersezione con;VIA DEGLI ANGELI;VIA DEGLI ANGELI;;;Scontro frontale/laterale SX fra veicoli in marcia;Incrocio;Una carreggiata a doppio senso;Asciutto;Asfaltata;Verticale;Sereno;Intenso;Buona;Sufficiente;0;0;0;3;;;-1;2;Autovettura privata;In marcia / fermata / arresto;Conducente;M;Illeso;0;;Utilizzato;Inesploso
1670913;6;11/02/2006 19:00;Strada Urbana;VIA PRENESTINA;all'intersezione semaforizzata con;LARGO IRPINIA;LARGO IRPINIA;;;Scontro frontale/laterale SX fra veicoli in marcia;Intersezione semaforizzata;Più di due carreggiate;Asciutto;Asfaltata;Verticale ed orizzontale;Sereno;Normale;Buona;Sufficiente;1;0;0;1;;;-1;1;Autovettura privata;In marcia / fermata / arresto;Conducente;M;Illeso;0;;Non accertato;Inesistente
1670913;6;11/02/2006 19:00;Strada Urbana;VIA PRENESTINA;all'intersezione semaforizzata con;LARGO IRPINIA;LARGO IRPINIA;;;Scontro frontale/laterale SX fra veicoli in marcia;Intersezione semaforizzata;Più di due carreggiate;Asciutto;Asfaltata;Verticale ed orizzontale;Sereno;Normale;Buona;Sufficiente;1;0;0;1;;;-1;2;Autovettura privata;In marcia / fermata / arresto;Conducente;M;Rimandato;0;NON DECEDUTO;Non accertato;Inesistente
1670914;6;11/02/2006 23:00;Strada Urbana;VIA PRENESTINA;all'intersezione semaforizzata con;VIA GIACOMO BRESADOLA;VIA GIACOMO BRESADOLA;;;Tamponamento;Incrocio;Più di due carreggiate;Asciutto;Asfaltata;Verticale ed orizzontale;Sereno;Scarso;Buona;Sufficiente;3;0;0;1;;;-1;1;Autovettura privata;In marcia / fermata / arresto;Conducente;M;Illeso;0;;Non accertato;Inesistente
1670914;6;11/02/2006 23:00;Strada Urbana;VIA PRENESTINA;all'intersezione semaforizzata con;VIA GIACOMO BRESADOLA;VIA GIACOMO BRESADOLA;;;Tamponamento;Incrocio;Più di due carreggiate;Asciutto;Asfaltata;Verticale ed orizzontale;Sereno;Scarso;Buona;Sufficiente;3;0;0;1;;;-1;1;Autovettura privata;In marcia / fermata / arresto;Passeggero;F;Rimandato;0;NON DECEDUTO;Non accertato;Inesistente
1670914;6;11/02/2006 23:00;Strada Urbana;VIA PRENESTINA;all'intersezione semaforizzata con;VIA GIACOMO BRESADOLA;VIA GIACOMO BRESADOLA;;;Tamponamento;Incrocio;Più di due carreggiate;Asciutto;Asfaltata;Verticale ed orizzontale;Sereno;Scarso;Buona;Sufficiente;3;0;0;1;;;-1;1;Autovettura privata;In marcia / fermata / arresto;Passeggero;M;Rimandato;0;NON DECEDUTO;Non accertato;Inesistente
1670914;6;11/02/2006 23:00;Strada Urbana;VIA PRENESTINA;all'intersezione semaforizzata con;VIA GIACOMO BRESADOLA;VIA GIACOMO BRESADOLA;;;Tamponamento;Incrocio;Più di due carreggiate;Asciutto;Asfaltata;Verticale ed orizzontale;Sereno;Scarso;Buona;Sufficiente;3;0;0;1;;;-1;2;Autovettura privata;In marcia / fermata / arresto;Conducente;M;Rimandato;0;NON DECEDUTO;Non accertato;Inesistente
1670915;6;12/02/2006 00:30;Strada Urbana;VIA DI ACQUA BULLICANTE;all'intersezione semaforizzata con;VIA PORTICI;VIA PORTICI;;;Tamponamento;Intersezione semaforizzata;Una carreggiata a doppio senso;Asciutto;Asfaltata;Verticale ed orizzontale;Sereno;Scarso;Buona;Sufficiente;0;0;0;4;;;-1;1;Autovettura privata;In marcia / fermata / arresto;Conducente;M;Illeso;0;;Non accertato;Inesploso
1670915;6;12/02/2006 00:30;Strada Urbana;VIA DI ACQUA BULLICANTE;all'intersezione semaforizzata con;VIA PORTICI;VIA PORTICI;;;Tamponamento;Intersezione semaforizzata;Una carreggiata a doppio senso;Asciutto;Asfaltata;Verticale ed orizzontale;Sereno;Scarso;Buona;Sufficiente;0;0;0;4;;;-1;2;Autocarro inferiore 35 q.;In marcia / fermata / arresto;Conducente;M;Illeso;0;;Non accertato;Inesistente
1670915;6;12/02/2006 00:30;Strada Urbana;VIA DI ACQUA BULLICANTE;all'intersezione semaforizzata con;VIA PORTICI;VIA PORTICI;;;Tamponamento;Intersezione semaforizzata;Una carreggiata a doppio senso;Asciutto;Asfaltata;Verticale ed orizzontale;Sereno;Scarso;Buona;Sufficiente;0;0;0;4;;;-1;2;Autocarro inferiore 35 q.;In marcia / fermata / arresto;Passeggero;M;Illeso;0;;Non accertato;Inesistente
1670915;6;12/02/2006 00:30;Strada Urbana;VIA DI ACQUA BULLICANTE;all'intersezione semaforizzata con;VIA PORTICI;VIA PORTICI;;;Tamponamento;Intersezione semaforizzata;Una carreggiata a doppio senso;Asciutto;Asfaltata;Verticale ed orizzontale;Sereno;Scarso;Buona;Sufficiente;0;0;0;4;;;-1;2;Autocarro inferiore 35 q.;In marcia / fermata / arresto;Passeggero;M;Illeso;0;;Non accertato;Inesploso
1670916;6;12/02/2006 14:15;Strada Urbana;VIALE GIOVANNI BATTISTA VALENTE;in corrispondenza;;del civico n. ;13;;Scontro frontale/laterale DX fra veicoli in marcia;Rettilineo;Una carreggiata a doppio senso;Asciutto;Asfaltata;Orizzontale;Sereno;Scarso;Buona;Ore Diurne;2;0;0;0;;;-1;1;Autovettura privata;In marcia / fermata / arresto;Conducente;M;Rifiuta cure immediate;0;NON DECEDUTO;Non accertato;Inesistente
1670916;6;12/02/2006 14:15;Strada Urbana;VIALE GIOVANNI BATTISTA VALENTE;in corrispondenza;;del civico n. ;13;;Scontro frontale/laterale DX fra veicoli in marcia;Rettilineo;Una carreggiata a doppio senso;Asciutto;Asfaltata;Orizzontale;Sereno;Scarso;Buona;Ore Diurne;2;0;0;0;;;-1;2;Autovettura privata;In marcia / fermata / arresto;Conducente;M;Rimandato;0;NON DECEDUTO;Non accertato;Inesistente
1670917;7;11/02/2006 11:20;Strada Urbana;VIA DEI LAURI;all'intersezione con;VIA DEI GERANI;VIA DEI GERANI;;;Scontro frontale/laterale DX fra veicoli in marcia;Incrocio;Una carreggiata a doppio senso;Asciutto;Asfaltata;Verticale ed orizzontale;Sereno;Scarso;Buona;Ore Diurne;0;0;0;2;;;-1;1;Autovettura privata;In marcia / fermata / arresto;Conducente;M;Illeso;0;;Non accertato;Inesistente
1670917;7;11/02/2006 11:20;Strada Urbana;VIA DEI LAURI;all'intersezione con;VIA DEI GERANI;VIA DEI GERANI;;;Scontro frontale/laterale DX fra veicoli in marcia;Incrocio;Una carreggiata a doppio senso;Asciutto;Asfaltata;Verticale ed orizzontale;Sereno;Scarso;Buona;Ore Diurne;0;0;0;2;;;-1;2;Autovettura privata;In marcia / fermata / arresto;Conducente;M;Illeso;0;;Non accertato;Inesistente
1670918;7;11/02/2006 16:30;Strada Urbana;VIA DI TOR SAPIENZA;all'intersezione con;PIAZZA CESARE DE CUPIS;PIAZZA CESARE DE CUPIS;;;Infortunio per caduta del veicolo;Incrocio;Una carreggiata a doppio senso;Asciutto;Asfaltata;Verticale ed orizzontale;Sereno;Normale;Buona;Ore Diurne;1;0;0;0;;;-1;1;Motociclo a solo;In marcia / fermata / arresto;Conducente;M;Rimandato;0;NON DECEDUTO;Non accertato;Inesistente
1670919;7;11/02/2006 17:10;Strada Urbana;VIA DEI CASTANI;all'intersezione con;VIA DELLE ACACIE;VIA DELLE ACACIE;;;Scontro frontale/laterale SX fra veicoli in marcia;Intersezione semaforizzata;Una carreggiata a doppio senso;Asciutto;Asfaltata;Verticale ed orizzontale;Sereno;Normale;Buona;Ore Diurne;0;0;0;3;;;-1;1;Motociclo a solo;In marcia / fermata / arresto;Conducente;M;Illeso;0;;Utilizzato;Inesploso
1670919;7;11/02/2006 17:10;Strada Urbana;VIA DEI CASTANI;all'intersezione con;VIA DELLE ACACIE;VIA DELLE ACACIE;;;Scontro frontale/laterale SX fra veicoli in marcia;Intersezione semaforizzata;Una carreggiata a doppio senso;Asciutto;Asfaltata;Verticale ed orizzontale;Sereno;Normale;Buona;Ore Diurne;0;0;0;3;;;-1;1;Motociclo a solo;In marcia / fermata / arresto;Passeggero;M;Illeso;0;;Utilizzato;Inesistente
1670919;7;11/02/2006 17:10;Strada Urbana;VIA DEI CASTANI;all'intersezione con;VIA DELLE ACACIE;VIA DELLE ACACIE;;;Scontro frontale/laterale SX fra veicoli in marcia;Intersezione semaforizzata;Una carreggiata a doppio senso;Asciutto;Asfaltata;Verticale ed orizzontale;Sereno;Normale;Buona;Ore Diurne;0;0;0;3;;;-1;2;Autovettura privata;In marcia / fermata / arresto;Conducente;M;Illeso;0;;Non accertato;Inesploso
1670921;7;11/02/2006 21:45;Strada Urbana;VIA GALATEA;all'intersezione con;VIA URURI;VIA URURI;;;Tamponamento;Incrocio;Una carreggiata a doppio senso;Asciutto;Asfaltata;Assente;Sereno;Scarso;Sufficiente;Sufficiente;4;0;0;0;;;-1;1;Autovettura privata;In marcia / fermata / arresto;Conducente;M;Rimandato;0;NON DECEDUTO;Non accertato;Esploso
1670921;7;11/02/2006 21:45;Strada Urbana;VIA GALATEA;all'intersezione con;VIA URURI;VIA URURI;;;Tamponamento;Incrocio;Una carreggiata a doppio senso;Asciutto;Asfaltata;Assente;Sereno;Scarso;Sufficiente;Sufficiente;4;0;0;0;;;-1;1;Autovettura privata;In marcia / fermata / arresto;Passeggero;M;Rimandato;0;NON DECEDUTO;Non accertato;Inesistente
1670921;7;11/02/2006 21:45;Strada Urbana;VIA GALATEA;all'intersezione con;VIA URURI;VIA URURI;;;Tamponamento;Incrocio;Una carreggiata a doppio senso;Asciutto;Asfaltata;Assente;Sereno;Scarso;Sufficiente;Sufficiente;4;0;0;0;;;-1;1;Autovettura privata;In marcia / fermata / arresto;Passeggero;M;Rimandato;0;NON DECEDUTO;Non accertato;Inesistente
1670921;7;11/02/2006 21:45;Strada Urbana;VIA GALATEA;all'intersezione con;VIA URURI;VIA URURI;;;Tamponamento;Incrocio;Una carreggiata a doppio senso;Asciutto;Asfaltata;Assente;Sereno;Scarso;Sufficiente;Sufficiente;4;0;0;0;;;-1;1;Autovettura privata;In marcia / fermata / arresto;Passeggero;M;Rimandato;0;NON DECEDUTO;Non accertato;Inesistente