Protocollo;Gruppo;DataOraIncidente;Localizzazione1;STRADA1;Localizzazione2;STRADA2;Strada02;Chilometrica;DaSpecificare;NaturaIncidente;particolaritastrade;TipoStrada;FondoStradale;Pavimentazione;Segnaletica;CondizioneAtmosferica;Traffico;Visibilita;Illuminazione;NUM_FERITI;NUM_RISERVATA;NUM_MORTI;NUM_ILLESI;Longitudine;Latitudine;Confermato;Progressivo;TipoVeicolo;StatoVeicolo;TipoPersona;Sesso;Tipolesione;Deceduto;DecedutoDopo;CinturaCascoUtilizzato;Airbag
1672188;10;21/02/2006 22:00;Strada Urbana;VIA ANAGNINA;all'intersezione semaforizzata con;VIA GASPERINA;VIA GASPERINA;;;Tamponamento;Incrocio;Una carreggiata a senso unico di marcia;Bagnato (pioggia);Asfaltata;Verticale;Pioggia in atto;Scarso;Sufficiente;Sufficiente;0;0;0;2;;;-1;2;Autovettura privata;In marcia / fermata / arresto;Conducente;M;Illeso;0;;Non accertato;Inesistente
1672189;10;22/02/2006 09:15;Provinciale entro l'abitato;VIA ANAGNINA;in corrispondenza;;del civico n. ;554;;Scontro laterale fra veicoli in marcia;Rettilineo;Due carreggiate;Bagnato (pioggia);Asfaltata;Verticale ed orizzontale;Nuvoloso;Normale;Buona;Ore Diurne;0;0;0;3;;;-1;1;Motociclo a solo;In marcia / fermata / arresto;Conducente;M;Illeso;0;;Non accertato;Inesistente
1672189;10;22/02/2006 09:15;Provinciale entro l'abitato;VIA ANAGNINA;in corrispondenza;;del civico n. ;554;;Scontro laterale fra veicoli in marcia;Rettilineo;Due carreggiate;Bagnato (pioggia);Asfaltata;Verticale ed orizzontale;Nuvoloso;Normale;Buona;Ore Diurne;0;0;0;3;;;-1;2;Autovettura privata;In marcia / fermata / arresto;Conducente;M;Illeso;0;;Non accertato;Inesploso
1672189;10;22/02/2006 09:15;Provinciale entro l'abitato;VIA ANAGNINA;in corrispondenza;;del civico n. ;554;;Scontro laterale fra veicoli in marcia;Rettilineo;Due carreggiate;Bagnato (pioggia);Asfaltata;Verticale ed orizzontale;Nuvoloso;Normale;Buona;Ore Diurne;0;0;0;3;;;-1;2;Autovettura privata;In marcia / fermata / arresto;Passeggero;F;Illeso;0;;Non accertato;Inesploso
1672190;10;22/02/2006 10:50;Strada Urbana;VIA VITTORIO RAGUSA;da specificare;;;;in prossimità dell'intersezione di via Antolisei;Investimento di pedone;Curva senza visuale libera;Una carreggiata a senso unico di marcia;Asciutto;Asfaltata;Verticale ed orizzontale;Nuvoloso;Intenso;Buona;Ore Diurne;0;1;0;2;;;-1;;;;Pedone;M;Prognosi riservata;0;NON DECEDUTO;;
1672190;10;22/02/2006 10:50;Strada Urbana;VIA VITTORIO RAGUSA;da specificare;;;;in prossimità dell'intersezione di via Antolisei;Investimento di pedone;Curva senza visuale libera;Una carreggiata a senso unico di marcia;Asciutto;Asfaltata;Verticale ed orizzontale;Nuvoloso;Intenso;Buona;Ore Diurne;0;1;0;2;;;-1;1;Autocarro inferiore 35 q.;In marcia / fermata / arresto;Conducente;M;Illeso;0;;Non accertato;Inesistente
1672190;10;22/02/2006 10:50;Strada Urbana;VIA VITTORIO RAGUSA;da specificare;;;;in prossimità dell'intersezione di via Antolisei;Investimento di pedone;Curva senza visuale libera;Una carreggiata a senso unico di marcia;Asciutto;Asfaltata;Verticale ed orizzontale;Nuvoloso;Intenso;Buona;Ore Diurne;0;1;0;2;;;-1;1;Autocarro inferiore 35 q.;In marcia / fermata / arresto;Passeggero;M;Illeso;0;;Non accertato;Inesistente
1672191;10;22/02/2006 11:30;Strada Urbana;VIALE ANTONIO CIAMARRA;in corrispondenza;;del civico n. ;170;;Scontro laterale fra veicoli in marcia;Rettilineo;Una carreggiata a senso unico di marcia;Asciutto;Asfaltata;Verticale ed orizzontale;Sereno;Normale;Buona;Ore Diurne;0;0;0;3;;;-1;1;Autovettura privata;In marcia / fermata / arresto;Conducente;M;Illeso;0;;Non accertato;Inesploso
1672191;10;22/02/2006 11:30;Strada Urbana;VIALE ANTONIO CIAMARRA;in corrispondenza;;del civico n. ;170;;Scontro laterale fra veicoli in marcia;Rettilineo;Una carreggiata a senso unico di marcia;Asciutto;Asfaltata;Verticale ed orizzontale;Sereno;Normale;Buona;Ore Diurne;0;0;0;3;;;-1;2;Autovettura privata;In marcia / fermata / arresto;Conducente;M;Illeso;0;;Non accertato;Inesploso
1672191;10;22/02/2006 11:30;Strada Urbana;VIALE ANTONIO CIAMARRA;in corrispondenza;;del civico n. ;170;;Scontro laterale fra veicoli in marcia;Rettilineo;Una carreggiata a senso unico di marcia;Asciutto;Asfaltata;Verticale ed orizzontale;Sereno;Normale;Buona;Ore Diurne;0;0;0;3;;;-1;2;Autovettura privata;In marcia / fermata / arresto;Passeggero;F;Illeso;0;;Non accertato;Inesploso
1672193;11;22/02/2006 08:15;Strada Urbana;VIA ALESSANDRO SEVERO;all'intersezione con;VIA TITO;VIA TITO;;;Infortunio per caduta del veicolo;Incrocio;Una carreggiata a senso unico di marcia;Bagnato (pioggia);Asfaltata;Verticale ed orizzontale;Pioggia in atto;Normale;Buona;Ore Diurne;1;0;0;0;;;-1;1;Motociclo a solo;In marcia / fermata / arresto;Conducente;M;Rimandato;0;NON DECEDUTO;Utilizzato;Inesistente
1672194;11;22/02/2006 08:50;Strada Urbana;VIA ALESSANDRA MACINGHI STROZZI;in corrispondenza;;del civico n. ;51;;Investimento di pedone;Rettilineo;Una carreggiata a doppio senso;Bagnato (pioggia);Asfaltata;Verticale ed orizzontale;Pioggia in atto;Normale;Buona;Ore Diurne;0;1;1;0;;;-1;;;;Pedone;M;Prognosi riservata;0;DECEDUTO ENTRO IL TERZO GIORNO;;
1672194;11;22/02/2006 08:50;Strada Urbana;VIA ALESSANDRA MACINGHI STROZZI;in corrispondenza;;del civico n. ;51;;Investimento di pedone;Rettilineo;Una carreggiata a doppio senso;Bagnato (pioggia);Asfaltata;Verticale ed orizzontale;Pioggia in atto;Normale;Buona;Ore Diurne;0;1;1;0;;;-1;1;Ciclomotore;In marcia / fermata / arresto;Conducente;F;Illeso;0;;Non accertato;Inesistente
1672195;11;22/02/2006 11:00;Strada Urbana;VIA GABRIELLO CHIABRERA;all'intersezione con;VIA ANTONINO PIO;VIA ANTONINO PIO;;;Scontro frontale/laterale DX fra veicoli in marcia;Intersezione stradale segnalata;Due carreggiate;Bagnato (umidità in atto);Asfaltata;Verticale ed orizzontale;Nuvoloso;Normale;Buona;Ore Diurne;0;0;0;2;;;-1;1;Autovettura privata;In marcia / fermata / arresto;Conducente;M;Illeso;0;;Utilizzato;Inesistente
1672195;11;22/02/2006 11:00;Strada Urbana;VIA GABRIELLO CHIABRERA;all'intersezione con;VIA ANTONINO PIO;VIA ANTONINO PIO;;;Scontro frontale/laterale DX fra veicoli in marcia;Intersezione stradale segnalata;Due carreggiate;Bagnato (umidità in atto);Asfaltata;Verticale ed orizzontale;Nuvoloso;Normale;Buona;Ore Diurne;0;0;0;2;;;-1;2;Autovettura privata;In marcia / fermata / arresto;Conducente;M;Illeso;0;;Utilizzato;Inesistente
1672196;12;22/02/2006 16:30;Strada Urbana;VIADOTTO DELLA MAGLIANA;da specificare;;;;rampa d'uscita sulla via C. Colombo direz. Ostia;Veicolo in marcia contro ostacolo accidentale;Curva a visuale libera;Una carreggiata a senso unico di marcia;Bagnato (umidità in atto);Asfaltata;Verticale ed orizzontale;Nuvoloso;Scarso;Buona;Ore Diurne;0;0;0;1;;;-1;1;Autovettura privata;In marcia / fermata / arresto;Conducente;F;Illeso;0;;Utilizzato;Inesploso
1672197;12;22/02/2006 17:30;Strada Urbana;PIAZZALE DELL'UMANESIMO;all'intersezione semaforizzata con;VIALE DELL'UMANESIMO;VIALE DELL'UMANESIMO;;;Scontro frontale/laterale DX fra veicoli in marcia;Intersezione semaforizzata;Una carreggiata a doppio senso;Asciutto;Asfaltata;Verticale ed orizzontale;Nuvoloso;Normale;Buona;Ore Diurne;1;0;0;2;;;-1;1;Autovettura privata;In marcia / fermata / arresto;Conducente;F;Illeso;0;;Utilizzato;Inesploso
1672197;12;22/02/2006 17:30;Strada Urbana;PIAZZALE DELL'UMANESIMO;all'intersezione semaforizzata con;VIALE DELL'UMANESIMO;VIALE DELL'UMANESIMO;;;Scontro frontale/laterale DX fra veicoli in marcia;Intersezione semaforizzata;Una carreggiata a doppio senso;Asciutto;Asfaltata;Verticale ed orizzontale;Nuvoloso;Normale;Buona;Ore Diurne;1;0;0;2;;;-1;1;Autovettura privata;In marcia / fermata / arresto;Passeggero;F;Illeso;0;;Utilizzato;Inesploso
1672197;12;22/02/2006 17:30;Strada Urbana;PIAZZALE DELL'UMANESIMO;all'intersezione semaforizzata con;VIALE DELL'UMANESIMO;VIALE DELL'UMANESIMO;;;Scontro frontale/laterale DX fra veicoli in marcia;Intersezione semaforizzata;Una carreggiata a doppio senso;Asciutto;Asfaltata;Verticale ed orizzontale;Nuvoloso;Normale;Buona;Ore Diurne;1;0;0;2;;;-1;2;Motociclo a solo;In marcia / fermata / arresto;Conducente;M;Rimandato;0;NON DECEDUTO;Utilizzato;Inesistente
1672198;13;22/02/2006 07:30;Strada Urbana;VIALE DESIDERATO PIETRI;all'intersezione con;PIAZZA ALERIA;PIAZZA ALERIA;;;Scontro frontale/laterale SX fra veicoli in marcia;Incrocio;Due carreggiate;Bagnato (pioggia);Asfaltata;Assente;Pioggia in atto;Normale;Buona;Ore Diurne;0;0;0;4;;;-1;1;Autovettura privata;In marcia / fermata / arresto;Conducente;M;Illeso;0;;Non accertato;Inesistente
1672198;13;22/02/2006 07:30;Strada Urbana;VIALE DESIDERATO PIETRI;all'intersezione con;PIAZZA ALERIA;PIAZZA ALERIA;;;Scontro frontale/laterale SX fra veicoli in marcia;Incrocio;Due carreggiate;Bagnato (pioggia);Asfaltata;Assente;Pioggia in atto;Normale;Buona;Ore Diurne;0;0;0;4;;;-1;2;Autovettura privata;In marcia / fermata / arresto;Conducente;M;Illeso;0;;Non accertato;Inesistente
1672198;13;22/02/2006 07:30;Strada Urbana;VIALE DESIDERATO PIETRI;all'intersezione con;PIAZZA ALERIA;PIAZZA ALERIA;;;Scontro frontale/laterale SX fra veicoli in marcia;Incrocio;Due carreggiate;Bagnato (pioggia);Asfaltata;Assente;Pioggia in atto;Normale;Buona;Ore Diurne;0;0;0;4;;;-1;2;Autovettura privata;In marcia / fermata / arresto;Passeggero;M;Illeso;0;;Non accertato;Inesistente
1672198;13;22/02/2006 07:30;Strada Urbana;VIALE DESIDERATO PIETRI;all'intersezione con;PIAZZA ALERIA;PIAZZA ALERIA;;;Scontro frontale/laterale SX fra veicoli in marcia;Incrocio;Due carreggiate;Bagnato (pioggia);Asfaltata;Assente;Pioggia in atto;Normale;Buona;Ore Diurne;0;0;0;4;;;-1;2;Autovettura privata;In marcia / fermata / arresto;Passeggero;M;Illeso;0;;Non accertato;Inesistente
1672199;13;22/02/2006 16:15;Strada Urbana;VIA DOMENICO BAFFIGO;all'intersezione con;VIA MARIO RUTA;VIA MARIO RUTA;;;Scontro frontale/laterale SX fra veicoli in marcia;Incrocio;Una carreggiata a doppio senso;Asciutto;Strada pavimentata dissestata;Orizzontale;Sereno;Normale;Buona;Ore Diurne;3;0;0;0;;;-1;1;Autovettura privata;In marcia / fermata / arresto;Conducente;M;Rimandato;0;NON DECEDUTO;Non accertato;Inesistente
1672199;13;22/02/2006 16:15;Strada Urbana;VIA DOMENICO BAFFIGO;all'intersezione con;VIA MARIO RUTA;VIA MARIO RUTA;;;Scontro frontale/laterale SX fra veicoli in marcia;Incrocio;Una carreggiata a doppio senso;Asciutto;Strada pavimentata dissestata;Orizzontale;Sereno;Normale;Buona;Ore Diurne;3;0;0;0;;;-1;1;Autovettura privata;In marcia / fermata / arresto;Passeggero;M;Rimandato;0;NON DECEDUTO;Non accertato;Inesistente
1672199;13;22/02/2006 16:15;Strada Urbana;VIA DOMENICO BAFFIGO;all'intersezione con;VIA MARIO RUTA;VIA MARIO RUTA;;;Scontro frontale/laterale SX fra veicoli in marcia;Incrocio;Una carreggiata a doppio senso;Asciutto;Strada pavimentata dissestata;Orizzontale;Sereno;Normale;Buona;Ore Diurne;3;0;0;0;;;-1;2;Autovettura privata;In marcia / fermata / arresto;Conducente;M;Rifiuta cure immediate;0;NON DECEDUTO;Non accertato;Inesistente
1672200;13;22/02/2006 18:05;Strada Urbana;VIA GRANITO DI BELMONTE;in prossimità;;del civico n. ;39;;Veicolo in marcia contro ostacolo accidentale;Rettilineo;Una carreggiata a senso unico di marcia;Asciutto;Asfaltata;Assente;Sereno;Normale;Buona;Ore Diurne;0;0;0;3;;;-1;1;Autovettura privata;In marcia / fermata / arresto;Conducente;F;Illeso;0;;Non accertato;Inesistente
1672200;13;22/02/2006 18:05;Strada Urbana;VIA GRANITO DI BELMONTE;in prossimità;;del civico n. ;39;;Veicolo in marcia contro ostacolo accidentale;Rettilineo;Una carreggiata a senso unico di marcia;Asciutto;Asfaltata;Assente;Sereno;Normale;Buona;Ore Diurne;0;0;0;3;;;-1;1;Autovettura privata;In marcia / fermata / arresto;Passeggero;M;Illeso;0;;Non accertato;Inesistente
1672200;13;22/02/2006 18:05;Strada Urbana;VIA GRANITO DI BELMONTE;in prossimità;;del civico n. ;39;;Veicolo in marcia contro ostacolo accidentale;Rettilineo;Una carreggiata a senso unico di marcia;Asciutto;Asfaltata;Assente;Sereno;Normale;Buona;Ore Diurne;0;0;0;3;;;-1;1;Autovettura privata;In marcia / fermata / arresto;Passeggero;F;Illeso;0;;Non accertato;Inesistente
1672201;13;22/02/2006 19:10;Strada Urbana;VIA DELLE BALENIERE;da specificare;;;;altezza via delle azzorre;Veicolo in marcia contro veicolo fermo;Rettilineo;Una carreggiata a doppio senso;Asciutto;Asfaltata;Orizzontale;Sereno;Normale;Buona;Ore Diurne;0;0;0;4;;;-1;1;Autovettura privata;In marcia / fermata / arresto;Conducente;M;Illeso;0;;Non accertato;Inesploso
1672201;13;22/02/2006 19:10;Strada Urbana;VIA DELLE BALENIERE;da specificare;;;;altezza via delle azzorre;Veicolo in marcia contro veicolo fermo;Rettilineo;Una carreggiata a doppio senso;Asciutto;Asfaltata;Orizzontale;Sereno;Normale;Buona;Ore Diurne;0;0;0;4;;;-1;1;Autovettura privata;In marcia / fermata / arresto;Passeggero;F;Illeso;0;;Non accertato;Inesistente
1672201;13;22/02/2006 19:10;Strada Urbana;VIA DELLE BALENIERE;da specificare;;;;altezza via delle azzorre;Veicolo in marcia contro veicolo fermo;Rettilineo;Una carreggiata a doppio senso;Asciutto;Asfaltata;Orizzontale;Sereno;Normale;Buona;Ore Diurne;0;0;0;4;;;-1;2;Autovettura privata;In marcia / fermata / arresto;Conducente;M;Illeso;0;;Non accertato;Inesistente
1672201;13;22/02/2006 19:10;Strada Urbana;VIA DELLE BALENIERE;da specificare;;;;altezza via delle azzorre;Veicolo in marcia contro veicolo fermo;Rettilineo;Una carreggiata a doppio senso;Asciutto;Asfaltata;Orizzontale;Sereno;Normale;Buona;Ore Diurne;0;0;0;4;;;-1;2;Autovettura privata;In marcia / fermata / arresto;Passeggero;F;Illeso;0;;Non accertato;Inesistente
1672202;13;22/02/2006 19:15;Strada Urbana;VIALE DEI ROMAGNOLI;all'intersezione con;VIA GUIDO CALZA;VIA GUIDO CALZA;;;Scontro frontale/laterale SX fra veicoli in marcia;Incrocio;Una carreggiata a senso unico di marcia;Asciutto;Asfaltata;Verticale ed orizzontale;Sereno;Normale;Sufficiente;Insufficiente;0;0;0;3;;;-1;1;Autovettura privata;In marcia / fermata / arresto;Conducente;M;Illeso;0;;Non accertato;Inesistente
1672202;13;22/02/2006 19:15;Strada Urbana;VIALE DEI ROMAGNOLI;all'intersezione con;VIA GUIDO CALZA;VIA GUIDO CALZA;;;Scontro frontale/laterale SX fra veicoli in marcia;Incrocio;Una carreggiata a senso unico di marcia;Asciutto;Asfaltata;Verticale ed orizzontale;Sereno;Normale;Sufficiente;Insufficiente;0;0;0;3;;;-1;2;Autovettura privata;In marcia / fermata / arresto;Conducente;M;Illeso;0;;Non accertato;Inesistente
1672202;13;22/02/2006 19:15;Strada Urbana;VIALE DEI ROMAGNOLI;all'intersezione con;VIA GUIDO CALZA;VIA GUIDO CALZA;;;Scontro frontale/laterale SX fra veicoli in marcia;Incrocio;Una carreggiata a senso unico di marcia;Asciutto;Asfaltata;Verticale ed orizzontale;Sereno;Normale;Sufficiente;Insufficiente;0;0;0;3;;;-1;2;Autovettura privata;In marcia / fermata / arresto;Passeggero;F;Illeso;0;;Non accertato;Inesistente
1672203;13;22/02/2006 20:40;Strada Urbana;VIA BEDOLLO;in corrispondenza;;del civico n. ;157;;Scontro frontale/laterale DX fra veicoli in marcia;Rettilineo;Una carreggiata a doppio senso;Asciutto;Asfaltata;Verticale ed orizzontale;Sereno;Normale;Buona;Sufficiente;1;0;0;1;;;-1;1;Autovettura privata;In marcia / fermata / arresto;Conducente;F;Illeso;0;;Non accertato;Inesploso
1672203;13;22/02/2006 20:40;Strada Urbana;VIA BEDOLLO;in corrispondenza;;del civico n. ;157;;Scontro frontale/laterale DX fra veicoli in marcia;Rettilineo;Una carreggiata a doppio senso;Asciutto;Asfaltata;Verticale ed orizzontale;Sereno;Normale;Buona;Sufficiente;1;0;0;1;;;-1;2;Autovettura privata;In marcia / fermata / arresto;Conducente;F;Rimandato;0;NON DECEDUTO;Non accertato;Inesploso
1672204;13;22/02/2006 21:10;Strada Urbana;VIA CESARE PASCUCCI;in prossimità;;del civico n. ;61;;Veicolo in marcia contro ostacolo accidentale;Rettilineo;Una carreggiata a doppio senso;Asciutto;Asfaltata;Assente;Sereno;Scarso;Buona;Sufficiente;0;0;0;1;;;-1;1;Autovettura privata;In marcia / fermata / arresto;Conducente;M;Illeso;0;;Utilizzato;Inesploso
1672205;15;22/02/2006 06:30;Strada Urbana;VIA PORTUENSE;in prossimità;;del civico n. ;216;;Veicolo in marcia contro ostacolo accidentale;Rettilineo;Due carreggiate;Bagnato (pioggia);Con buche;Assente;Nuvoloso;Normale;Sufficiente;Ore Diurne;0;0;0;1;;;-1;1;Autovettura privata;In marcia / fermata / arresto;Conducente;M;Illeso;0;;Utilizzato;Inesistente
1672206;15;22/02/2006 16:25;Strada Urbana;VIA PORTUENSE;all'intersezione semaforizzata con;VIA DEL TRULLO;VIA DEL TRULLO;;;Scontro laterale fra veicoli in marcia;Incrocio;Una carreggiata a doppio senso;Asciutto;Asfaltata;Verticale ed orizzontale;Sereno;Normale;Buona;Ore Diurne;0;0;0;2;;;-1;1;Autovettura privata;In marcia / fermata / arresto;Conducente;M;Illeso;0;;Non accertato;Inesploso
1672206;15;22/02/2006 16:25;Strada Urbana;VIA PORTUENSE;all'intersezione semaforizzata con;VIA DEL TRULLO;VIA DEL TRULLO;;;Scontro laterale fra veicoli in marcia;Incrocio;Una carreggiata a doppio senso;Asciutto;Asfaltata;Verticale ed orizzontale;Sereno;Normale;Buona;Ore Diurne;0;0;0;2;;;-1;2;Autovettura privata;In marcia / fermata / arresto;Conducente;M;Illeso;0;;Non accertato;Inesploso
1672207;15;22/02/2006 16:30;Strada Urbana;VIA DELLA PISANA;da specificare;;;;prox. civico 433;Veicolo in marcia contro ostacolo accidentale;Rettilineo;Una carreggiata a doppio senso;Asciutto;Asfaltata;Orizzontale;Sereno;Normale;Buona;Ore Diurne;0;0;0;1;;;-1;1;Autovettura privata;In marcia / fermata / arresto;Conducente;M;Illeso;0;;Utilizzato;Inesistente
1672208;15;22/02/2006 18:00;Strada Urbana;VIA PORTUENSE;in prossimità;;del civico n. ;881;;Veicolo in marcia contro ostacolo accidentale;Cunetta;Una carreggiata a doppio senso;Asciutto;Con buche;Orizzontale;Nuvoloso;Scarso;Insufficiente;Inesistente;0;0;0;2;;;-1;1;Autovettura privata;In marcia / fermata / arresto;Conducente;F;Illeso;0;;Utilizzato;Inesistente
1672208;15;22/02/2006 18:00;Strada Urbana;VIA PORTUENSE;in prossimità;;del civico n. ;881;;Veicolo in marcia contro ostacolo accidentale;Cunetta;Una carreggiata a doppio senso;Asciutto;Con buche;Orizzontale;Nuvoloso;Scarso;Insufficiente;Inesistente;0;0;0;2;;;-1;1;Autovettura privata;In marcia / fermata / arresto;Passeggero;F;Illeso;0;;Utilizzato;Inesistente
1672209;15;22/02/2006 18:00;Comunale extraurbana;VIA PORTUENSE;in prossimità;;del civico n. ;881;;Veicolo in marcia contro ostacolo accidentale;Curva senza visuale libera;Una carreggiata a doppio senso;Asciutto;Con buche;Orizzontale;Nuvoloso;Scarso;Insufficiente;Inesistente;0;0;0;3;;;-1;1;Autovettura privata;In marcia / fermata / arresto;Conducente;F;Illeso;0;;Utilizzato;Inesistente
1672209;15;22/02/2006 18:00;Comunale extraurbana;VIA PORTUENSE;in prossimità;;del civico n. ;881;;Veicolo in marcia contro ostacolo accidentale;Curva senza visuale libera;Una carreggiata a doppio senso;Asciutto;Con buche;Orizzontale;Nuvoloso;Scarso;Insufficiente;Inesistente;0;0;0;3;;;-1;1;Autovettura privata;In marcia / fermata / arresto;Passeggero;F;Illeso;0;;Non accertato;Inesistente
1672209;15;22/02/2006 18:00;Comunale extraurbana;VIA PORTUENSE;in prossimità;;del civico n. ;881;;Veicolo in marcia contro ostacolo accidentale;Curva senza visuale libera;Una carreggiata a doppio senso;Asciutto;Con buche;Orizzontale;Nuvoloso;Scarso;Insufficiente;Inesistente;0;0;0;3;;;-1;1;Autovettura privata;In marcia / fermata / arresto;Passeggero;M;Illeso;0;;Non accertato;Inesistente
1672210;15;22/02/2006 18:10;Comunale extraurbana;VIA PORTUENSE;in prossimità;;del civico n. ;881;;Veicolo in marcia contro ostacolo accidentale;Cunetta;Una carreggiata a doppio senso;Asciutto;Con buche;Orizzontale;Nuvoloso;Scarso;Insufficiente;Inesistente;0;0;0;1;;;-1;1;Autovettura privata;In marcia / fermata / arresto;Conducente;F;Illeso;0;;Utilizzato;Inesistente
1672211;15;22/02/2006 18:15;Strada Urbana;LUNGOTEVERE DEGLI INVENTORI;da specificare;;;;FRONTE VIA V. BRUNACCI;Veicolo in marcia contro ostacolo accidentale;Rettilineo;Una carreggiata a doppio senso;Asciutto;Con buche;Orizzontale;Sereno;Normale;Buona;Sufficiente;0;0;0;1;;;-1;1;Motociclo a solo;In marcia / fermata / arresto;Conducente;M;Illeso;0;;Utilizzato;Inesistente
1672212;15;22/02/2006 18:30;Comunale extraurbana;VIA PORTUENSE;in corrispondenza;;del civico n. ;881;;Veicolo in marcia contro ostacolo accidentale;Curva senza visuale libera;Una carreggiata a doppio senso;Asciutto;Con buche;Orizzontale;Nuvoloso;Scarso;Insufficiente;Inesistente;0;0;0;1;;;-1;1;Autovettura privata;In marcia / fermata / arresto;Conducente;M;Illeso;0;;Utilizzato;Inesistente
1672213;15;22/02/2006 18:30;Strada Urbana;VIA PORTUENSE;in prossimità;;del civico n. ;881;;Veicolo in marcia contro ostacolo accidentale;Cunetta;Una carreggiata a doppio senso;Asciutto;Con buche;Orizzontale;Nuvoloso;Normale;Insufficiente;Inesistente;0;0;0;1;;;-1;1;Autovettura privata;In marcia / fermata / arresto;Conducente;F;Illeso;0;;Utilizzato;Inesistente
1672214;15;22/02/2006 19:40;Strada Urbana;VIA PORTUENSE;da specificare;;;;prox. via del ponte pisano;Veicolo in marcia contro ostacolo accidentale;Curva a visuale libera;Una carreggiata a doppio senso;Asciutto;Asfaltata;Orizzontale;Nuvoloso;Scarso;Buona;Sufficiente;0;0;0;1;;;-1;1;Autovettura privata;In marcia / fermata / arresto;Conducente;F;Illeso;0;;Utilizzato;Inesistente
1672215;15;22/02/2006 19:55;Strada Urbana;VIA PORTUENSE;in prossimità;;del civico n. ;881;;Veicolo in marcia contro ostacolo accidentale;Curva senza visuale libera;Una carreggiata a doppio senso;Asciutto;Con buche;Orizzontale;Nuvoloso;Scarso;Insufficiente;Inesistente;0;0;0;1;;;-1;1;Autovettura privata;In marcia / fermata / arresto;Conducente;F;Illeso;0;;Utilizzato;Inesistente
1672216;15;22/02/2006 20:50;Provinciale entro l'abitato;VIA PORTUENSE;da specificare;;;;fronte civico 1499/D;Veicolo in marcia contro ostacolo accidentale;Pendenza;Una carreggiata a doppio senso;Asciutto;Con buche;Verticale;Nuvoloso;Scarso;Sufficiente;Sufficiente;0;0;0;1;;;-1;1;Autovettura privata;In marcia / fermata / arresto;Conducente;M;Illeso;0;;Utilizzato;Inesistente
1672217;15;07/02/2006 23:10;Strada Urbana;VIA DI VILLA BONELLI;all'intersezione con;VIA AUGUSTO ARMELLINI;VIA AUGUSTO ARMELLINI;;;Scontro frontale/laterale DX fra veicoli in marcia;Incrocio;Una carreggiata a doppio senso;Bagnato (umidità in atto);Asfaltata;Verticale;Nuvoloso;Scarso;Sufficiente;Sufficiente;0;0;0;1;;;-1;1;Autovettura privata;In marcia / fermata / arresto;Conducente;M;Illeso;0;;Utilizzato;Inesploso
1672218;16;18/02/2006 12:30;Strada Urbana;VIA DI BRAVETTA;in prossimità;;del civico n. ;303;;Scontro laterale fra veicoli in marcia;Rettilineo;Una carreggiata a doppio senso;Asciutto;Asfaltata;Orizzontale;Sereno;Normale;Buona;Ore Diurne;1;0;0;1;;;-1;1;Autovettura privata;In marcia / fermata / arresto;Conducente;F;Illeso;0;;Non accertato;Inesistente
1672218;16;18/02/2006 12:30;Strada Urbana;VIA DI BRAVETTA;in prossimità;;del civico n. ;303;;Scontro laterale fra veicoli in marcia;Rettilineo;Una carreggiata a doppio senso;Asciutto;Asfaltata;Orizzontale;Sereno;Normale;Buona;Ore Diurne;1;0;0;1;;;-1;2;Ciclomotore;In marcia / fermata / arresto;Conducente;F;Rimandato;0;NON DECEDUTO;Non accertato;Inesistente
1672219;16;19/02/2006 12:00;Strada Urbana;VIALE DI TRASTEVERE;da specificare;;;;altezza intersezione semaforizzata Via Carlo Porta;Scontro laterale fra veicoli in marcia;Rettilineo;Più di due carreggiate;Asciutto;Asfaltata;Verticale;Sereno;Normale;Buona;Ore Diurne;0;0;0;3;;;-1;1;Motociclo con passeggero;In marcia / fermata / arresto;Conducente;M;Illeso;0;;Non accertato;Inesistente
1672219;16;19/02/2006 12:00;Strada Urbana;VIALE DI TRASTEVERE;da specificare;;;;altezza intersezione semaforizzata Via Carlo Porta;Scontro laterale fra veicoli in marcia;Rettilineo;Più di due carreggiate;Asciutto;Asfaltata;Verticale;Sereno;Normale;Buona;Ore Diurne;0;0;0;3;;;-1;2;Autovettura privata;In marcia / fermata / arresto;Conducente;F;Illeso;0;;Non accertato;Inesistente
1672219;16;19/02/2006 12:00;Strada Urbana;VIALE DI TRASTEVERE;da specificare;;;;altezza intersezione semaforizzata Via Carlo Porta;Scontro laterale fra veicoli in marcia;Rettilineo;Più di due carreggiate;Asciutto;Asfaltata;Verticale;Sereno;Normale;Buona;Ore Diurne;0;0;0;3;;;-1;2;Autovettura privata;In marcia / fermata / arresto;Passeggero;M;Illeso;0;;Non accertato;Inesistente