Protocollo;Gruppo;DataOraIncidente;Localizzazione1;STRADA1;Localizzazione2;STRADA2;Strada02;Chilometrica;DaSpecificare;NaturaIncidente;particolaritastrade;TipoStrada;FondoStradale;Pavimentazione;Segnaletica;CondizioneAtmosferica;Traffico;Visibilita;Illuminazione;NUM_FERITI;NUM_RISERVATA;NUM_MORTI;NUM_ILLESI;Longitudine;Latitudine;Confermato;Progressivo;TipoVeicolo;StatoVeicolo;TipoPersona;Sesso;Tipolesione;Deceduto;DecedutoDopo;CinturaCascoUtilizzato;Airbag
1672558;20;23/02/2006 08:20;Strada Urbana;VIALE DI TOR DI QUINTO;da specificare;;;;corsia laterale fronte civico 65;Tamponamento;Rettilineo;Una carreggiata a senso unico di marcia;Asciutto;Asfaltata;Orizzontale;Nuvoloso;Normale;Buona;Ore Diurne;1;0;0;1;;;-1;2;Motociclo a solo;In marcia / fermata / arresto;Conducente;M;Rimandato;0;NON DECEDUTO;Non accertato;Inesistente
1672559;20;23/02/2006 08:20;Strada Urbana;VIA CAPRAROLA;in corrispondenza;;del civico n. ;28;;Scontro laterale fra veicoli in marcia;Rettilineo;Una carreggiata a senso unico di marcia;Asciutto;Asfaltata;Assente;Nuvoloso;Scarso;Buona;Ore Diurne;0;0;0;3;;;-1;1;Autocarro inferiore 35 q.;In marcia / fermata / arresto;Conducente;M;Illeso;0;;Non accertato;Inesistente
1672559;20;23/02/2006 08:20;Strada Urbana;VIA CAPRAROLA;in corrispondenza;;del civico n. ;28;;Scontro laterale fra veicoli in marcia;Rettilineo;Una carreggiata a senso unico di marcia;Asciutto;Asfaltata;Assente;Nuvoloso;Scarso;Buona;Ore Diurne;0;0;0;3;;;-1;1;Autocarro inferiore 35 q.;In marcia / fermata / arresto;Passeggero;M;Illeso;0;;Non accertato;Inesistente
1672559;20;23/02/2006 08:20;Strada Urbana;VIA CAPRAROLA;in corrispondenza;;del civico n. ;28;;Scontro laterale fra veicoli in marcia;Rettilineo;Una carreggiata a senso unico di marcia;Asciutto;Asfaltata;Assente;Nuvoloso;Scarso;Buona;Ore Diurne;0;0;0;3;;;-1;2;Autovettura privata;In marcia / fermata / arresto;Conducente;M;Illeso;0;;Non accertato;Inesistente
1672560;20;23/02/2006 09:45;Comunale extraurbana;VIA DI BACCANELLO;all'intersezione con;VIA DEL FOSSO PIORDO;VIA DEL FOSSO PIORDO;;;Tamponamento;Incrocio;Una carreggiata a doppio senso;Asciutto;Asfaltata;Verticale ed orizzontale;Nuvoloso;Normale;Buona;Ore Diurne;2;0;0;0;;;-1;1;Autovettura privata;In marcia / fermata / arresto;Conducente;F;Rimandato;0;NON DECEDUTO;Utilizzato;Inesistente
1672560;20;23/02/2006 09:45;Comunale extraurbana;VIA DI BACCANELLO;all'intersezione con;VIA DEL FOSSO PIORDO;VIA DEL FOSSO PIORDO;;;Tamponamento;Incrocio;Una carreggiata a doppio senso;Asciutto;Asfaltata;Verticale ed orizzontale;Nuvoloso;Normale;Buona;Ore Diurne;2;0;0;0;;;-1;2;Autovettura privata;In marcia / fermata / arresto;Conducente;F;Rifiuta cure immediate;0;NON DECEDUTO;Utilizzato;Inesistente
1672561;20;23/02/2006 09:45;Strada Urbana;VIA FRANCESCO SAVERIO NITTI;all'intersezione con;VIA ACHILLE LORIA;VIA ACHILLE LORIA;;;Scontro laterale fra veicoli in marcia;Incrocio;Una carreggiata a doppio senso;Asciutto;Asfaltata;Verticale ed orizzontale;Nuvoloso;Scarso;Buona;Ore Diurne;0;0;0;2;;;-1;1;Autovettura privata;In marcia / fermata / arresto;Conducente;M;Illeso;0;;Non accertato;Inesploso
1672561;20;23/02/2006 09:45;Strada Urbana;VIA FRANCESCO SAVERIO NITTI;all'intersezione con;VIA ACHILLE LORIA;VIA ACHILLE LORIA;;;Scontro laterale fra veicoli in marcia;Incrocio;Una carreggiata a doppio senso;Asciutto;Asfaltata;Verticale ed orizzontale;Nuvoloso;Scarso;Buona;Ore Diurne;0;0;0;2;;;-1;2;Autovettura privata;In marcia / fermata / arresto;Conducente;F;Illeso;0;;Non accertato;Inesploso
1672562;20;23/02/2006 11:30;Statale entro l'abitato;VIA FLAMINIA;in corrispondenza;;del civico n. ;991;;Investimento di pedone;Rettilineo;Una carreggiata a doppio senso;Asciutto;Asfaltata;Assente;Nuvoloso;Scarso;Buona;Ore Diurne;1;0;0;2;;;-1;;;;Pedone;M;Rimandato;0;NON DECEDUTO;;
1672562;20;23/02/2006 11:30;Statale entro l'abitato;VIA FLAMINIA;in corrispondenza;;del civico n. ;991;;Investimento di pedone;Rettilineo;Una carreggiata a doppio senso;Asciutto;Asfaltata;Assente;Nuvoloso;Scarso;Buona;Ore Diurne;1;0;0;2;;;-1;1;Autovettura privata;In marcia / fermata / arresto;Conducente;M;Illeso;0;;Non accertato;Inesistente
1672562;20;23/02/2006 11:30;Statale entro l'abitato;VIA FLAMINIA;in corrispondenza;;del civico n. ;991;;Investimento di pedone;Rettilineo;Una carreggiata a doppio senso;Asciutto;Asfaltata;Assente;Nuvoloso;Scarso;Buona;Ore Diurne;1;0;0;2;;;-1;1;Autovettura privata;In marcia / fermata / arresto;Passeggero;F;Illeso;0;;Non accertato;Inesistente
1672563;20;23/02/2006 13:30;Strada Urbana;VIA DEGLI ORTI DELLA FARNESINA;all'intersezione con;VIA DEI DUCHI DI CASTRO;VIA DEI DUCHI DI CASTRO;;;Scontro frontale fra veicoli in marcia;Intersezione stradale segnalata;Una carreggiata a doppio senso;Bagnato (pioggia);Asfaltata;Verticale ed orizzontale;Pioggia in atto;Normale;Sufficiente;Ore Diurne;0;0;0;2;;;-1;1;Motociclo a solo;In marcia / fermata / arresto;Conducente;M;Illeso;0;;Non accertato;Inesistente
1672563;20;23/02/2006 13:30;Strada Urbana;VIA DEGLI ORTI DELLA FARNESINA;all'intersezione con;VIA DEI DUCHI DI CASTRO;VIA DEI DUCHI DI CASTRO;;;Scontro frontale fra veicoli in marcia;Intersezione stradale segnalata;Una carreggiata a doppio senso;Bagnato (pioggia);Asfaltata;Verticale ed orizzontale;Pioggia in atto;Normale;Sufficiente;Ore Diurne;0;0;0;2;;;-1;2;Autovettura privata;In marcia / fermata / arresto;Conducente;F;Illeso;0;;Non accertato;Inesploso
1672564;20;23/02/2006 14:00;Strada Urbana;VIA CASSIA;in prossimità;;del civico n. ;1709;;Scontro laterale fra veicoli in marcia;Rettilineo;Una carreggiata a doppio senso;Bagnato (pioggia);Asfaltata;Orizzontale;Pioggia in atto;Normale;Buona;Ore Diurne;0;0;0;3;;;-1;1;Autovettura privata;In marcia / fermata / arresto;Conducente;F;Illeso;0;;Utilizzato;Inesistente
1672564;20;23/02/2006 14:00;Strada Urbana;VIA CASSIA;in prossimità;;del civico n. ;1709;;Scontro laterale fra veicoli in marcia;Rettilineo;Una carreggiata a doppio senso;Bagnato (pioggia);Asfaltata;Orizzontale;Pioggia in atto;Normale;Buona;Ore Diurne;0;0;0;3;;;-1;2;Motociclo con passeggero;In marcia / fermata / arresto;Conducente;M;Illeso;0;;Utilizzato;Inesistente
1672564;20;23/02/2006 14:00;Strada Urbana;VIA CASSIA;in prossimità;;del civico n. ;1709;;Scontro laterale fra veicoli in marcia;Rettilineo;Una carreggiata a doppio senso;Bagnato (pioggia);Asfaltata;Orizzontale;Pioggia in atto;Normale;Buona;Ore Diurne;0;0;0;3;;;-1;2;Motociclo con passeggero;In marcia / fermata / arresto;Passeggero;F;Illeso;0;;Non accertato;Inesistente
1672565;20;23/02/2006 14:30;Comunale extraurbana;VIADOTTO GIUBILEO DEL 2000;da specificare;;;;Direzione Roma nei pressi di via Flaminia;Tamponamento;Rettilineo;Due carreggiate;Bagnato (pioggia);Asfaltata;Verticale ed orizzontale;Pioggia in atto;Scarso;Sufficiente;Ore Diurne;0;0;0;4;;;-1;1;Autocarro inferiore 35 q.;In marcia / fermata / arresto;Conducente;M;Illeso;0;;Utilizzato;Inesistente
1672565;20;23/02/2006 14:30;Comunale extraurbana;VIADOTTO GIUBILEO DEL 2000;da specificare;;;;Direzione Roma nei pressi di via Flaminia;Tamponamento;Rettilineo;Due carreggiate;Bagnato (pioggia);Asfaltata;Verticale ed orizzontale;Pioggia in atto;Scarso;Sufficiente;Ore Diurne;0;0;0;4;;;-1;1;Autocarro inferiore 35 q.;In marcia / fermata / arresto;Passeggero;F;Illeso;0;;Non accertato;Inesistente
1672565;20;23/02/2006 14:30;Comunale extraurbana;VIADOTTO GIUBILEO DEL 2000;da specificare;;;;Direzione Roma nei pressi di via Flaminia;Tamponamento;Rettilineo;Due carreggiate;Bagnato (pioggia);Asfaltata;Verticale ed orizzontale;Pioggia in atto;Scarso;Sufficiente;Ore Diurne;0;0;0;4;;;-1;1;Autocarro inferiore 35 q.;In marcia / fermata / arresto;Passeggero;F;Illeso;0;;Non accertato;Inesistente
1672565;20;23/02/2006 14:30;Comunale extraurbana;VIADOTTO GIUBILEO DEL 2000;da specificare;;;;Direzione Roma nei pressi di via Flaminia;Tamponamento;Rettilineo;Due carreggiate;Bagnato (pioggia);Asfaltata;Verticale ed orizzontale;Pioggia in atto;Scarso;Sufficiente;Ore Diurne;0;0;0;4;;;-1;2;Autovettura privata;In marcia / fermata / arresto;Conducente;F;Illeso;0;;Utilizzato;Inesploso
1672566;20;23/02/2006 18:00;Strada Urbana;VIA DEI DUE PONTI;all'intersezione con;VIA DELLA CRESCENZA;VIA DELLA CRESCENZA;;;Scontro frontale/laterale SX fra veicoli in marcia;Incrocio;Una carreggiata a doppio senso;Bagnato (pioggia);Asfaltata;Verticale ed orizzontale;Pioggia in atto;Normale;Sufficiente;Insufficiente;0;0;0;4;;;-1;1;Autovettura privata;In marcia / fermata / arresto;Conducente;F;Illeso;0;;Non accertato;Inesploso
1672566;20;23/02/2006 18:00;Strada Urbana;VIA DEI DUE PONTI;all'intersezione con;VIA DELLA CRESCENZA;VIA DELLA CRESCENZA;;;Scontro frontale/laterale SX fra veicoli in marcia;Incrocio;Una carreggiata a doppio senso;Bagnato (pioggia);Asfaltata;Verticale ed orizzontale;Pioggia in atto;Normale;Sufficiente;Insufficiente;0;0;0;4;;;-1;2;Autovettura privata;In marcia / fermata / arresto;Conducente;M;Illeso;0;;Non accertato;Inesploso
1672566;20;23/02/2006 18:00;Strada Urbana;VIA DEI DUE PONTI;all'intersezione con;VIA DELLA CRESCENZA;VIA DELLA CRESCENZA;;;Scontro frontale/laterale SX fra veicoli in marcia;Incrocio;Una carreggiata a doppio senso;Bagnato (pioggia);Asfaltata;Verticale ed orizzontale;Pioggia in atto;Normale;Sufficiente;Insufficiente;0;0;0;4;;;-1;2;Autovettura privata;In marcia / fermata / arresto;Passeggero;F;Illeso;0;;Non accertato;Inesistente
1672566;20;23/02/2006 18:00;Strada Urbana;VIA DEI DUE PONTI;all'intersezione con;VIA DELLA CRESCENZA;VIA DELLA CRESCENZA;;;Scontro frontale/laterale SX fra veicoli in marcia;Incrocio;Una carreggiata a doppio senso;Bagnato (pioggia);Asfaltata;Verticale ed orizzontale;Pioggia in atto;Normale;Sufficiente;Insufficiente;0;0;0;4;;;-1;2;Autovettura privata;In marcia / fermata / arresto;Passeggero;F;Illeso;0;;Non accertato;Inesistente
1672567;20;23/02/2006 19:15;Strada Urbana;CORSO DI FRANCIA;in prossimità;;del civico n. ;142;;Scontro laterale fra veicoli in marcia;Rettilineo;Due carreggiate;Bagnato (pioggia);Asfaltata;Verticale ed orizzontale;Pioggia in atto;Intenso;Sufficiente;Sufficiente;0;0;0;2;;;-1;1;Autovettura privata;In marcia / fermata / arresto;Conducente;F;Illeso;0;;Utilizzato;Inesploso
1672567;20;23/02/2006 19:15;Strada Urbana;CORSO DI FRANCIA;in prossimità;;del civico n. ;142;;Scontro laterale fra veicoli in marcia;Rettilineo;Due carreggiate;Bagnato (pioggia);Asfaltata;Verticale ed orizzontale;Pioggia in atto;Intenso;Sufficiente;Sufficiente;0;0;0;2;;;-1;2;Motociclo a solo;In marcia / fermata / arresto;Conducente;F;Illeso;0;;Utilizzato;Inesistente
1672568;20;23/02/2006 19:30;Statale entro l'abitato;VIA CASSIA;in corrispondenza;;del civico n. ;737;;Investimento di pedone;Rettilineo;Una carreggiata a doppio senso;Bagnato (pioggia);Asfaltata;Orizzontale;Pioggia in atto;Intenso;Insufficiente;Insufficiente;2;0;0;1;;;-1;;;;Pedone;M;Rimandato;0;NON DECEDUTO;;
1672568;20;23/02/2006 19:30;Statale entro l'abitato;VIA CASSIA;in corrispondenza;;del civico n. ;737;;Investimento di pedone;Rettilineo;Una carreggiata a doppio senso;Bagnato (pioggia);Asfaltata;Orizzontale;Pioggia in atto;Intenso;Insufficiente;Insufficiente;2;0;0;1;;;-1;;;;Pedone;F;Rimandato;0;NON DECEDUTO;;
1672568;20;23/02/2006 19:30;Statale entro l'abitato;VIA CASSIA;in corrispondenza;;del civico n. ;737;;Investimento di pedone;Rettilineo;Una carreggiata a doppio senso;Bagnato (pioggia);Asfaltata;Orizzontale;Pioggia in atto;Intenso;Insufficiente;Insufficiente;2;0;0;1;;;-1;1;Ciclomotore;In marcia / fermata / arresto;Conducente;M;Illeso;0;;Utilizzato;Inesistente
1672569;20;23/02/2006 20:00;Strada Urbana;VIA ANTONIO LABRANCA;in prossimità;;del palo luce n. ;9;;Veicolo in marcia contro ostacolo accidentale;Rettilineo;Una carreggiata a doppio senso;Bagnato (pioggia);Asfaltata;Assente;Pioggia in atto;Scarso;Buona;Sufficiente;0;0;0;1;;;-1;1;Autovettura privata;In marcia / fermata / arresto;Conducente;F;Illeso;0;;Non accertato;Inesistente
1672570;20;23/02/2006 20:00;Strada Urbana;VIALE DI TOR DI QUINTO;all'intersezione semaforizzata con;PIAZZALE DI PONTE MILVIO;PIAZZALE DI PONTE MILVIO;;;Veicolo in marcia contro ostacolo accidentale;Intersezione semaforizzata;Due carreggiate;Bagnato (pioggia);Con buche;Verticale ed orizzontale;Pioggia in atto;Normale;Buona;Sufficiente;0;0;0;1;;;-1;1;Autovettura privata;In marcia / fermata / arresto;Conducente;M;Illeso;0;;Non accertato;Inesistente
1672571;20;23/02/2006 20:00;Strada Urbana;LUNGOTEVERE MARESCIALLO DIAZ;da specificare;;;;Altezza Ministero Affari Esteri dir. M.llo Giardin;Veicolo in marcia contro ostacolo accidentale;Rettilineo;Una carreggiata a senso unico di marcia;Bagnato (pioggia);Asfaltata;Verticale ed orizzontale;Pioggia in atto;Intenso;Buona;Sufficiente;0;0;0;1;;;-1;1;Autovettura privata;In marcia / fermata / arresto;Conducente;M;Illeso;0;;Non accertato;Inesploso
1672572;20;24/02/2006 07:16;Strada Urbana;VIALE DEL FORO ITALICO;da specificare;;;;sul ponte che scavalca tor di quinto dir. salaria;Veicolo in marcia contro ostacolo accidentale;Rettilineo;Due carreggiate;Bagnato (umidità in atto);Asfaltata;Verticale ed orizzontale;Nuvoloso;Scarso;Buona;Ore Diurne;0;0;0;1;;;-1;1;Motociclo a solo;In marcia / fermata / arresto;Conducente;M;Illeso;0;;Non accertato;Inesistente
1672573;20;24/02/2006 10:30;Strada Urbana;VIALE DELLE GALLINE BIANCHE;all'intersezione con;VIA FRASSINETO;VIA FRASSINETO;;;Scontro laterale fra veicoli in marcia;Incrocio;Due carreggiate;Bagnato (umidità in atto);Asfaltata;Verticale ed orizzontale;Nuvoloso;Scarso;Buona;Ore Diurne;0;0;0;3;;;-1;1;Autovettura privata;In marcia / fermata / arresto;Conducente;F;Illeso;0;;Non accertato;Inesistente
1672573;20;24/02/2006 10:30;Strada Urbana;VIALE DELLE GALLINE BIANCHE;all'intersezione con;VIA FRASSINETO;VIA FRASSINETO;;;Scontro laterale fra veicoli in marcia;Incrocio;Due carreggiate;Bagnato (umidità in atto);Asfaltata;Verticale ed orizzontale;Nuvoloso;Scarso;Buona;Ore Diurne;0;0;0;3;;;-1;1;Autovettura privata;In marcia / fermata / arresto;Passeggero;F;Illeso;0;;Non accertato;Inesistente
1672573;20;24/02/2006 10:30;Strada Urbana;VIALE DELLE GALLINE BIANCHE;all'intersezione con;VIA FRASSINETO;VIA FRASSINETO;;;Scontro laterale fra veicoli in marcia;Incrocio;Due carreggiate;Bagnato (umidità in atto);Asfaltata;Verticale ed orizzontale;Nuvoloso;Scarso;Buona;Ore Diurne;0;0;0;3;;;-1;2;Autocarro inferiore 35 q.;In marcia / fermata / arresto;Conducente;M;Illeso;0;;Non accertato;Inesistente
1672574;20;24/02/2006 13:00;Strada Urbana;VIALE MAURIZIO BARENDSON;da specificare;;;;Corrispondenza parcheggi Sta dir. Flaminia;Scontro laterale fra veicoli in marcia;Rettilineo;Più di due carreggiate;Bagnato (pioggia);Asfaltata;Orizzontale;Pioggia in atto;Scarso;Buona;Ore Diurne;0;0;0;3;;;-1;1;Autovettura privata;In marcia / fermata / arresto;Conducente;M;Illeso;0;;Utilizzato;Inesploso
1672574;20;24/02/2006 13:00;Strada Urbana;VIALE MAURIZIO BARENDSON;da specificare;;;;Corrispondenza parcheggi Sta dir. Flaminia;Scontro laterale fra veicoli in marcia;Rettilineo;Più di due carreggiate;Bagnato (pioggia);Asfaltata;Orizzontale;Pioggia in atto;Scarso;Buona;Ore Diurne;0;0;0;3;;;-1;1;Autovettura privata;In marcia / fermata / arresto;Passeggero;F;Illeso;0;;Utilizzato;Inesistente
1672574;20;24/02/2006 13:00;Strada Urbana;VIALE MAURIZIO BARENDSON;da specificare;;;;Corrispondenza parcheggi Sta dir. Flaminia;Scontro laterale fra veicoli in marcia;Rettilineo;Più di due carreggiate;Bagnato (pioggia);Asfaltata;Orizzontale;Pioggia in atto;Scarso;Buona;Ore Diurne;0;0;0;3;;;-1;2;Autovettura pubblica;In marcia / fermata / arresto;Conducente;M;Illeso;0;;Utilizzato;Inesploso
1672575;20;24/02/2006 14:00;Strada Urbana;VIA DI GROTTAROSSA;da specificare;;;;"altezza ospedale ""S. Andrea""";Scontro frontale/laterale DX fra veicoli in marcia;Rettilineo;Una carreggiata a doppio senso;Bagnato (pioggia);Asfaltata;Orizzontale;Pioggia in atto;Normale;Buona;Ore Diurne;0;0;0;2;;;-1;1;Autovettura privata;In marcia / fermata / arresto;Conducente;F;Illeso;0;;Non accertato;Inesistente
1672575;20;24/02/2006 14:00;Strada Urbana;VIA DI GROTTAROSSA;da specificare;;;;"altezza ospedale ""S. Andrea""";Scontro frontale/laterale DX fra veicoli in marcia;Rettilineo;Una carreggiata a doppio senso;Bagnato (pioggia);Asfaltata;Orizzontale;Pioggia in atto;Normale;Buona;Ore Diurne;0;0;0;2;;;-1;2;Autovettura privata;In marcia / fermata / arresto;Conducente;M;Illeso;0;;Non accertato;Inesistente
1672576;20;24/02/2006 14:50;Strada Urbana;VIA CASSIA;all'intersezione con;VIA S. GIOVANNA ELISABETTA;VIA S. GIOVANNA ELISABETTA;;;Investimento di pedone;Intersezione non regolata/non segnalata;Una carreggiata a doppio senso;Bagnato (pioggia);Asfaltata;Orizzontale;Pioggia in atto;Normale;Buona;Ore Diurne;1;0;0;2;;;-1;;;;Pedone;F;Rimandato;0;NON DECEDUTO;;
1672576;20;24/02/2006 14:50;Strada Urbana;VIA CASSIA;all'intersezione con;VIA S. GIOVANNA ELISABETTA;VIA S. GIOVANNA ELISABETTA;;;Investimento di pedone;Intersezione non regolata/non segnalata;Una carreggiata a doppio senso;Bagnato (pioggia);Asfaltata;Orizzontale;Pioggia in atto;Normale;Buona;Ore Diurne;1;0;0;2;;;-1;1;Autovettura privata;In marcia / fermata / arresto;Conducente;M;Illeso;0;;Non accertato;Inesploso
1672576;20;24/02/2006 14:50;Strada Urbana;VIA CASSIA;all'intersezione con;VIA S. GIOVANNA ELISABETTA;VIA S. GIOVANNA ELISABETTA;;;Investimento di pedone;Intersezione non regolata/non segnalata;Una carreggiata a doppio senso;Bagnato (pioggia);Asfaltata;Orizzontale;Pioggia in atto;Normale;Buona;Ore Diurne;1;0;0;2;;;-1;1;Autovettura privata;In marcia / fermata / arresto;Passeggero;M;Illeso;0;;Non accertato;Inesploso
1672577;20;24/02/2006 19:20;Strada Urbana;VIA CASSIA;all'intersezione con;VIA BRACCIANO;VIA BRACCIANO;;;Scontro laterale fra veicoli in marcia;Incrocio;Una carreggiata a doppio senso;Bagnato (pioggia);Asfaltata;Verticale ed orizzontale;Pioggia in atto;Intenso;Sufficiente;Sufficiente;0;0;0;2;;;-1;1;Autovettura privata;In marcia / fermata / arresto;Conducente;M;Illeso;0;;Non accertato;Inesistente
1672577;20;24/02/2006 19:20;Strada Urbana;VIA CASSIA;all'intersezione con;VIA BRACCIANO;VIA BRACCIANO;;;Scontro laterale fra veicoli in marcia;Incrocio;Una carreggiata a doppio senso;Bagnato (pioggia);Asfaltata;Verticale ed orizzontale;Pioggia in atto;Intenso;Sufficiente;Sufficiente;0;0;0;2;;;-1;2;Autovettura privata;In marcia / fermata / arresto;Conducente;M;Illeso;0;;Non accertato;Inesistente
1672578;20;25/02/2006 00:05;Strada Urbana;VIALE DI TOR DI QUINTO;da specificare;;;;fronte via F. CAPRILLI;Veicolo in marcia contro ostacolo fisso;Curva senza visuale libera;Due carreggiate;Bagnato (pioggia);Asfaltata;Verticale ed orizzontale;Nuvoloso;Scarso;Sufficiente;Sufficiente;0;0;0;2;;;-1;1;Autovettura privata;In marcia / fermata / arresto;Conducente;M;Illeso;0;;Non accertato;Inesistente
1672578;20;25/02/2006 00:05;Strada Urbana;VIALE DI TOR DI QUINTO;da specificare;;;;fronte via F. CAPRILLI;Veicolo in marcia contro ostacolo fisso;Curva senza visuale libera;Due carreggiate;Bagnato (pioggia);Asfaltata;Verticale ed orizzontale;Nuvoloso;Scarso;Sufficiente;Sufficiente;0;0;0;2;;;-1;1;Autovettura privata;In marcia / fermata / arresto;Passeggero;F;Illeso;0;;Non accertato;Inesistente
1672579;20;25/02/2006 00:20;Strada Urbana;VIA DI BACCANELLO;in corrispondenza;;del civico n. ;288;;Veicolo in marcia contro ostacolo accidentale;Rettilineo;Una carreggiata a doppio senso;Bagnato (pioggia);Con buche;Orizzontale;Nuvoloso;Scarso;Sufficiente;Sufficiente;0;0;0;4;;;-1;1;Autovettura privata;In marcia / fermata / arresto;Conducente;M;Illeso;0;;Non accertato;Inesistente
1672579;20;25/02/2006 00:20;Strada Urbana;VIA DI BACCANELLO;in corrispondenza;;del civico n. ;288;;Veicolo in marcia contro ostacolo accidentale;Rettilineo;Una carreggiata a doppio senso;Bagnato (pioggia);Con buche;Orizzontale;Nuvoloso;Scarso;Sufficiente;Sufficiente;0;0;0;4;;;-1;1;Autovettura privata;In marcia / fermata / arresto;Passeggero;M;Illeso;0;;Non accertato;Inesistente
1672579;20;25/02/2006 00:20;Strada Urbana;VIA DI BACCANELLO;in corrispondenza;;del civico n. ;288;;Veicolo in marcia contro ostacolo accidentale;Rettilineo;Una carreggiata a doppio senso;Bagnato (pioggia);Con buche;Orizzontale;Nuvoloso;Scarso;Sufficiente;Sufficiente;0;0;0;4;;;-1;1;Autovettura privata;In marcia / fermata / arresto;Passeggero;M;Illeso;0;;Esente;Inesistente
1672580;20;25/02/2006 04:30;Provinciale;VIA FORMELLESE;in corrispondenza;;della chilometrica ;1,05;;Scontro frontale fra veicoli in marcia;Curva senza visuale libera;Una carreggiata a doppio senso;Bagnato (pioggia);Asfaltata;Verticale ed orizzontale;Nuvoloso;Scarso;Sufficiente;Inesistente;2;0;0;0;;;-1;1;Autovettura privata;In marcia / fermata / arresto;Conducente;F;Ricoverato;0;NON DECEDUTO;Non accertato;Inesistente
1672580;20;25/02/2006 04:30;Provinciale;VIA FORMELLESE;in corrispondenza;;della chilometrica ;1,05;;Scontro frontale fra veicoli in marcia;Curva senza visuale libera;Una carreggiata a doppio senso;Bagnato (pioggia);Asfaltata;Verticale ed orizzontale;Nuvoloso;Scarso;Sufficiente;Inesistente;2;0;0;0;;;-1;2;Autovettura privata;In marcia / fermata / arresto;Conducente;F;Ricoverato;0;NON DECEDUTO;Non accertato;Inesistente
1672581;20;24/02/2006 11:00;Statale entro l'abitato;VIA DI GROTTAROSSA;in prossimità;;del civico n. ;1060;;Veicolo in marcia contro ostacolo accidentale;Rettilineo;Una carreggiata a doppio senso;Bagnato (pioggia);Con buche;Verticale;Pioggia in atto;Normale;Buona;Ore Diurne;0;0;0;2;;;-1;1;Autovettura privata;In marcia / fermata / arresto;Conducente;F;Illeso;0;;Utilizzato;Inesploso
1672581;20;24/02/2006 11:00;Statale entro l'abitato;VIA DI GROTTAROSSA;in prossimità;;del civico n. ;1060;;Veicolo in marcia contro ostacolo accidentale;Rettilineo;Una carreggiata a doppio senso;Bagnato (pioggia);Con buche;Verticale;Pioggia in atto;Normale;Buona;Ore Diurne;0;0;0;2;;;-1;1;Autovettura privata;In marcia / fermata / arresto;Passeggero;M;Illeso;0;;Utilizzato;Inesploso
1672582;20;24/02/2006 11:10;Strada Urbana;LUNGOTEVERE MARESCIALLO DIAZ;da specificare;;;;Altezza via A. S. Giuliano ;Veicolo in marcia contro ostacolo accidentale;Rettilineo;Due carreggiate;Bagnato (pioggia);Asfaltata;Orizzontale;Pioggia in atto;Normale;Buona;Ore Diurne;0;0;0;1;;;-1;1;Autovettura privata;In marcia / fermata / arresto;Conducente;F;Illeso;0;;Utilizzato;Inesistente
1672583;20;24/02/2006 11:50;Strada Urbana;VIALE CORTINA D'AMPEZZO;in corrispondenza;;del civico n. ;187;;Scontro laterale fra veicoli in marcia;Curva a visuale libera;Una carreggiata a doppio senso;Bagnato (pioggia);Asfaltata;Orizzontale;Pioggia in atto;Normale;Buona;Ore Diurne;2;0;0;2;;;-1;1;Autovettura privata;In marcia / fermata / arresto;Conducente;M;Rifiuta cure immediate;0;NON DECEDUTO;Non accertato;Esploso
1672583;20;24/02/2006 11:50;Strada Urbana;VIALE CORTINA D'AMPEZZO;in corrispondenza;;del civico n. ;187;;Scontro laterale fra veicoli in marcia;Curva a visuale libera;Una carreggiata a doppio senso;Bagnato (pioggia);Asfaltata;Orizzontale;Pioggia in atto;Normale;Buona;Ore Diurne;2;0;0;2;;;-1;1;Autovettura privata;In marcia / fermata / arresto;Passeggero;F;Rifiuta cure immediate;0;NON DECEDUTO;Non accertato;Esploso
1672583;20;24/02/2006 11:50;Strada Urbana;VIALE CORTINA D'AMPEZZO;in corrispondenza;;del civico n. ;187;;Scontro laterale fra veicoli in marcia;Curva a visuale libera;Una carreggiata a doppio senso;Bagnato (pioggia);Asfaltata;Orizzontale;Pioggia in atto;Normale;Buona;Ore Diurne;2;0;0;2;;;-1;2;Autocarro inferiore 35 q.;In marcia / fermata / arresto;Conducente;M;Illeso;0;;Non accertato;Esploso
1672583;20;24/02/2006 11:50;Strada Urbana;VIALE CORTINA D'AMPEZZO;in corrispondenza;;del civico n. ;187;;Scontro laterale fra veicoli in marcia;Curva a visuale libera;Una carreggiata a doppio senso;Bagnato (pioggia);Asfaltata;Orizzontale;Pioggia in atto;Normale;Buona;Ore Diurne;2;0;0;2;;;-1;3;Autovettura privata;In marcia / fermata / arresto;Conducente;F;Illeso;0;;Non accertato;Esploso
1672584;20;24/02/2006 13:40;Statale entro l'abitato;VIA CASSIA;in corrispondenza;;del civico n. ;783;;Ribaltamento senza urto contro ostacolo fisso;Rettilineo;Una carreggiata a doppio senso;Bagnato (pioggia);Asfaltata;Orizzontale;Pioggia in atto;Intenso;Buona;Ore Diurne;1;0;0;0;;;-1;2;Motociclo a solo;In marcia / fermata / arresto;Conducente;M;Rimandato;0;NON DECEDUTO;Non accertato;Inesistente