Protocollo;Gruppo;DataOraIncidente;Localizzazione1;STRADA1;Localizzazione2;STRADA2;Strada02;Chilometrica;DaSpecificare;NaturaIncidente;particolaritastrade;TipoStrada;FondoStradale;Pavimentazione;Segnaletica;CondizioneAtmosferica;Traffico;Visibilita;Illuminazione;NUM_FERITI;NUM_RISERVATA;NUM_MORTI;NUM_ILLESI;Longitudine;Latitudine;Confermato;Progressivo;TipoVeicolo;StatoVeicolo;TipoPersona;Sesso;Tipolesione;Deceduto;DecedutoDopo;CinturaCascoUtilizzato;Airbag
1672719;11;24/02/2006 07:45;Strada Urbana;VIA AUGUSTO VERA;all'intersezione con;VIA ADOLFO RAVA';VIA ADOLFO RAVA';;;Scontro frontale/laterale SX fra veicoli in marcia;Incrocio;Due carreggiate;Bagnato (pioggia);Asfaltata;Verticale ed orizzontale;Nuvoloso;Normale;Buona;Ore Diurne;1;0;0;1;;;-1;1;Autovettura privata;In marcia / fermata / arresto;Conducente;M;Illeso;0;;Utilizzato;Inesistente
1672719;11;24/02/2006 07:45;Strada Urbana;VIA AUGUSTO VERA;all'intersezione con;VIA ADOLFO RAVA';VIA ADOLFO RAVA';;;Scontro frontale/laterale SX fra veicoli in marcia;Incrocio;Due carreggiate;Bagnato (pioggia);Asfaltata;Verticale ed orizzontale;Nuvoloso;Normale;Buona;Ore Diurne;1;0;0;1;;;-1;2;Autovettura privata;In marcia / fermata / arresto;Conducente;F;Rimandato;0;NON DECEDUTO;Utilizzato;Inesistente
1672720;11;24/02/2006 11:00;Strada Urbana;VIA APPIA PIGNATELLI;in prossimità;;del civico n. ;268;;Scontro frontale/laterale DX fra veicoli in marcia;Curva a visuale libera;Una carreggiata a doppio senso;Bagnato (pioggia);Asfaltata;Verticale ed orizzontale;Nuvoloso;Normale;Buona;Ore Diurne;2;0;0;0;;;-1;1;Autovettura privata;In marcia / fermata / arresto;Conducente;M;Ricoverato;0;NON DECEDUTO;Non accertato;Inesistente
1672720;11;24/02/2006 11:00;Strada Urbana;VIA APPIA PIGNATELLI;in prossimità;;del civico n. ;268;;Scontro frontale/laterale DX fra veicoli in marcia;Curva a visuale libera;Una carreggiata a doppio senso;Bagnato (pioggia);Asfaltata;Verticale ed orizzontale;Nuvoloso;Normale;Buona;Ore Diurne;2;0;0;0;;;-1;2;Autovettura privata;In marcia / fermata / arresto;Conducente;M;Ricoverato;0;NON DECEDUTO;Non accertato;Inesistente
1672722;11;24/02/2006 22:30;Strada Urbana;CIRCONVALLAZIONE OSTIENSE;all'intersezione con;VIA CAFFARO;VIA CAFFARO;;;Scontro frontale/laterale SX fra veicoli in marcia;Intersezione stradale segnalata;Due carreggiate;Bagnato (pioggia);Asfaltata;Verticale ed orizzontale;Nuvoloso;Scarso;Sufficiente;Sufficiente;1;0;0;3;;;-1;1;Autovettura privata;In marcia / fermata / arresto;Conducente;F;Illeso;0;;Utilizzato;Inesistente
1672722;11;24/02/2006 22:30;Strada Urbana;CIRCONVALLAZIONE OSTIENSE;all'intersezione con;VIA CAFFARO;VIA CAFFARO;;;Scontro frontale/laterale SX fra veicoli in marcia;Intersezione stradale segnalata;Due carreggiate;Bagnato (pioggia);Asfaltata;Verticale ed orizzontale;Nuvoloso;Scarso;Sufficiente;Sufficiente;1;0;0;3;;;-1;1;Autovettura privata;In marcia / fermata / arresto;Passeggero;F;Illeso;0;;Utilizzato;Inesistente
1672722;11;24/02/2006 22:30;Strada Urbana;CIRCONVALLAZIONE OSTIENSE;all'intersezione con;VIA CAFFARO;VIA CAFFARO;;;Scontro frontale/laterale SX fra veicoli in marcia;Intersezione stradale segnalata;Due carreggiate;Bagnato (pioggia);Asfaltata;Verticale ed orizzontale;Nuvoloso;Scarso;Sufficiente;Sufficiente;1;0;0;3;;;-1;2;Autovettura privata;In marcia / fermata / arresto;Conducente;M;Rimandato;0;NON DECEDUTO;Non accertato;Inesistente
1672722;11;24/02/2006 22:30;Strada Urbana;CIRCONVALLAZIONE OSTIENSE;all'intersezione con;VIA CAFFARO;VIA CAFFARO;;;Scontro frontale/laterale SX fra veicoli in marcia;Intersezione stradale segnalata;Due carreggiate;Bagnato (pioggia);Asfaltata;Verticale ed orizzontale;Nuvoloso;Scarso;Sufficiente;Sufficiente;1;0;0;3;;;-1;2;Autovettura privata;In marcia / fermata / arresto;Passeggero;F;Illeso;0;;Utilizzato;Inesistente
1672724;20;25/02/2006 10:00;Strada Urbana;VIALE DEGLI UFFICI;da specificare;;;;Altezza Camera Mortuaria;Veicolo in marcia contro veicolo in sosta;Rettilineo;Una carreggiata a senso unico di marcia;Asciutto;Asfaltata;Assente;Nuvoloso;Normale;Buona;Ore Diurne;0;0;0;1;;;-1;1;Veicolo speciale;In marcia / fermata / arresto;Conducente;F;Illeso;0;;Utilizzato;Inesistente
1672725;20;25/02/2006 18:30;Strada Urbana;CORSO DI FRANCIA;in corrispondenza;;del civico n. ;251;;Veicolo in marcia contro veicolo in sosta;Rettilineo;Due carreggiate;Asciutto;Asfaltata;Verticale ed orizzontale;Sereno;Intenso;Buona;Insufficiente;0;0;0;1;;;-1;1;Autovettura privata;In marcia / fermata / arresto;Conducente;M;Illeso;0;;Utilizzato;Inesistente
1672726;12;23/02/2006 18:45;Strada Urbana;VIA CINA;in prossimità;;del civico n. ;7;;Investimento di pedone;Rettilineo;Una carreggiata a doppio senso;Bagnato (pioggia);Asfaltata;Verticale ed orizzontale;Pioggia in atto;Normale;Sufficiente;Sufficiente;1;0;0;1;;;-1;;;;Pedone;F;Rimandato;0;NON DECEDUTO;;
1672726;12;23/02/2006 18:45;Strada Urbana;VIA CINA;in prossimità;;del civico n. ;7;;Investimento di pedone;Rettilineo;Una carreggiata a doppio senso;Bagnato (pioggia);Asfaltata;Verticale ed orizzontale;Pioggia in atto;Normale;Sufficiente;Sufficiente;1;0;0;1;;;-1;1;Autocarro inferiore 35 q.;In marcia / fermata / arresto;Conducente;M;Illeso;0;;Utilizzato;Inesistente
1672727;12;24/02/2006 08:05;Strada Urbana;VIA DI ACQUA ACETOSA OSTIENSE;da specificare;;;;1 KM prima del sopravvia Pontina;Veicolo in marcia contro ostacolo fisso;Rettilineo;Una carreggiata a doppio senso;Bagnato (pioggia);Con buche;Assente;Pioggia in atto;Normale;Buona;Ore Diurne;0;0;0;1;;;0;1;Autovettura privata;In marcia / fermata / arresto;Conducente;M;Illeso;0;;Utilizzato;Inesistente
1672731;1;23/02/2006 13:30;Strada Urbana;VIA DEI CERCHI;in corrispondenza;;del civico n. ;89;;Scontro frontale/laterale DX fra veicoli in marcia;Rettilineo;Una carreggiata a senso unico di marcia;Bagnato (pioggia);Acciotolata;Orizzontale;Pioggia in atto;Normale;Buona;Ore Diurne;0;0;0;3;;;-1;1;Autovettura privata;In marcia / fermata / arresto;Conducente;M;Illeso;0;;Utilizzato;Inesploso
1672731;1;23/02/2006 13:30;Strada Urbana;VIA DEI CERCHI;in corrispondenza;;del civico n. ;89;;Scontro frontale/laterale DX fra veicoli in marcia;Rettilineo;Una carreggiata a senso unico di marcia;Bagnato (pioggia);Acciotolata;Orizzontale;Pioggia in atto;Normale;Buona;Ore Diurne;0;0;0;3;;;-1;2;Autovettura privata;In marcia / fermata / arresto;Conducente;M;Illeso;0;;Utilizzato;Inesploso
1672731;1;23/02/2006 13:30;Strada Urbana;VIA DEI CERCHI;in corrispondenza;;del civico n. ;89;;Scontro frontale/laterale DX fra veicoli in marcia;Rettilineo;Una carreggiata a senso unico di marcia;Bagnato (pioggia);Acciotolata;Orizzontale;Pioggia in atto;Normale;Buona;Ore Diurne;0;0;0;3;;;-1;2;Autovettura privata;In marcia / fermata / arresto;Passeggero;M;Illeso;0;;Utilizzato;Inesploso
1672732;1;23/02/2006 09:50;Strada Urbana;VIA DEI LATERANI;in prossimità;;del civico n. ;2;;Scontro laterale fra veicoli in marcia;Rettilineo;Una carreggiata a doppio senso;Asciutto;Asfaltata;Verticale ed orizzontale;Nuvoloso;Intenso;Buona;Ore Diurne;0;0;0;3;;;-1;1;Autovettura privata;In marcia / fermata / arresto;Conducente;M;Illeso;0;;Non accertato;Inesploso
1672732;1;23/02/2006 09:50;Strada Urbana;VIA DEI LATERANI;in prossimità;;del civico n. ;2;;Scontro laterale fra veicoli in marcia;Rettilineo;Una carreggiata a doppio senso;Asciutto;Asfaltata;Verticale ed orizzontale;Nuvoloso;Intenso;Buona;Ore Diurne;0;0;0;3;;;-1;1;Autovettura privata;In marcia / fermata / arresto;Passeggero;M;Illeso;0;;Non accertato;Inesploso
1672732;1;23/02/2006 09:50;Strada Urbana;VIA DEI LATERANI;in prossimità;;del civico n. ;2;;Scontro laterale fra veicoli in marcia;Rettilineo;Una carreggiata a doppio senso;Asciutto;Asfaltata;Verticale ed orizzontale;Nuvoloso;Intenso;Buona;Ore Diurne;0;0;0;3;;;-1;2;Autovettura privata;In marcia / fermata / arresto;Conducente;M;Illeso;0;;Non accertato;Inesploso
1672734;1;23/02/2006 12:35;Strada Urbana;VIA EMANUELE FILIBERTO;in corrispondenza;;del civico n. ;153;;Scontro laterale fra veicoli in marcia;Rettilineo;Una carreggiata a doppio senso;Asciutto;Asfaltata;Verticale ed orizzontale;Nuvoloso;Normale;Buona;Ore Diurne;1;0;0;1;;;-1;1;Autovettura privata;In marcia / fermata / arresto;Conducente;M;Illeso;0;;Utilizzato;Inesploso
1672734;1;23/02/2006 12:35;Strada Urbana;VIA EMANUELE FILIBERTO;in corrispondenza;;del civico n. ;153;;Scontro laterale fra veicoli in marcia;Rettilineo;Una carreggiata a doppio senso;Asciutto;Asfaltata;Verticale ed orizzontale;Nuvoloso;Normale;Buona;Ore Diurne;1;0;0;1;;;-1;2;Ciclomotore;In marcia / fermata / arresto;Conducente;M;Rifiuta cure immediate;0;NON DECEDUTO;Utilizzato;Inesistente
1672735;1;23/02/2006 13:00;Strada Urbana;VIA CAVOUR;in corrispondenza;;del civico n. ;213M;;Scontro frontale/laterale SX fra veicoli in marcia;Rettilineo;Una carreggiata a doppio senso;Asciutto;Asfaltata;Verticale ed orizzontale;Nuvoloso;Normale;Buona;Ore Diurne;1;0;0;1;;;-1;1;Autovettura privata;In marcia / fermata / arresto;Conducente;M;Illeso;0;;Utilizzato;Inesploso
1672735;1;23/02/2006 13:00;Strada Urbana;VIA CAVOUR;in corrispondenza;;del civico n. ;213M;;Scontro frontale/laterale SX fra veicoli in marcia;Rettilineo;Una carreggiata a doppio senso;Asciutto;Asfaltata;Verticale ed orizzontale;Nuvoloso;Normale;Buona;Ore Diurne;1;0;0;1;;;-1;2;Motociclo a solo;In marcia / fermata / arresto;Conducente;M;Rifiuta cure immediate;0;NON DECEDUTO;Utilizzato;Inesistente
1672736;1;23/02/2006 14:15;Strada Urbana;PIAZZA ALBANIA;all'intersezione con;VIA DI S. SABA;VIA DI S. SABA;;;Investimento di pedone;Incrocio;Più di due carreggiate;Bagnato (pioggia);Acciotolata;Verticale ed orizzontale;Pioggia in atto;Normale;Buona;Ore Diurne;1;0;0;0;;;-1;;;;Pedone;F;Rimandato;0;NON DECEDUTO;;
1672737;1;23/02/2006 14:30;Strada Urbana;LARGO DELLA SANITA' MILITARE;in prossimità;;del civico n. ;54;;Scontro frontale/laterale DX fra veicoli in marcia;Rettilineo;Una carreggiata a senso unico di marcia;Bagnato (pioggia);Asfaltata;Assente;Pioggia in atto;Scarso;Insufficiente;Ore Diurne;0;0;0;2;;;-1;1;Autovettura privata;In marcia / fermata / arresto;Conducente;F;Illeso;0;;Non accertato;Inesistente
1672737;1;23/02/2006 14:30;Strada Urbana;LARGO DELLA SANITA' MILITARE;in prossimità;;del civico n. ;54;;Scontro frontale/laterale DX fra veicoli in marcia;Rettilineo;Una carreggiata a senso unico di marcia;Bagnato (pioggia);Asfaltata;Assente;Pioggia in atto;Scarso;Insufficiente;Ore Diurne;0;0;0;2;;;-1;2;Autocarro inferiore 35 q.;In marcia / fermata / arresto;Conducente;M;Illeso;0;;Non accertato;Inesistente
1672738;1;23/02/2006 19:10;Strada Urbana;VIA DEI FORI IMPERIALI;all'intersezione con;PIAZZA DELLA MADONNA DI LORETO;PIAZZA DELLA MADONNA DI LORETO;;;Investimento di pedone;Incrocio;Una carreggiata a doppio senso;Bagnato (pioggia);Acciotolata;Assente;Pioggia in atto;Normale;Insufficiente;Insufficiente;2;0;0;0;;;-1;;;;Pedone;M;Rimandato;0;NON DECEDUTO;;
1672738;1;23/02/2006 19:10;Strada Urbana;VIA DEI FORI IMPERIALI;all'intersezione con;PIAZZA DELLA MADONNA DI LORETO;PIAZZA DELLA MADONNA DI LORETO;;;Investimento di pedone;Incrocio;Una carreggiata a doppio senso;Bagnato (pioggia);Acciotolata;Assente;Pioggia in atto;Normale;Insufficiente;Insufficiente;2;0;0;0;;;-1;1;Motociclo a solo;In marcia / fermata / arresto;Conducente;M;Rifiuta cure immediate;0;NON DECEDUTO;Non accertato;Inesistente
1672739;1;24/02/2006 01:40;Strada Urbana;VIA GIOVANNI GIOLITTI;all'intersezione con; Sottovia Cappellini; Sottovia Cappellini;;;Scontro frontale/laterale DX fra veicoli in marcia;Incrocio;Una carreggiata a senso unico di marcia;Bagnato (pioggia);Asfaltata;Verticale ed orizzontale;Pioggia in atto;Scarso;Buona;Sufficiente;0;0;0;3;;;-1;1;Autovettura privata;In marcia / fermata / arresto;Conducente;M;Illeso;0;;Non accertato;Inesistente
1672739;1;24/02/2006 01:40;Strada Urbana;VIA GIOVANNI GIOLITTI;all'intersezione con; Sottovia Cappellini; Sottovia Cappellini;;;Scontro frontale/laterale DX fra veicoli in marcia;Incrocio;Una carreggiata a senso unico di marcia;Bagnato (pioggia);Asfaltata;Verticale ed orizzontale;Pioggia in atto;Scarso;Buona;Sufficiente;0;0;0;3;;;-1;2;Autovettura privata;In marcia / fermata / arresto;Conducente;M;Illeso;0;;Non accertato;Inesistente
1672739;1;24/02/2006 01:40;Strada Urbana;VIA GIOVANNI GIOLITTI;all'intersezione con; Sottovia Cappellini; Sottovia Cappellini;;;Scontro frontale/laterale DX fra veicoli in marcia;Incrocio;Una carreggiata a senso unico di marcia;Bagnato (pioggia);Asfaltata;Verticale ed orizzontale;Pioggia in atto;Scarso;Buona;Sufficiente;0;0;0;3;;;-1;2;Autovettura privata;In marcia / fermata / arresto;Passeggero;F;Illeso;0;;Non accertato;Inesistente
1672740;1;24/02/2006 02:10;Strada Urbana;PIAZZA DI PORTA S. GIOVANNI;all'intersezione semaforizzata con;VIA EMANUELE FILIBERTO;VIA EMANUELE FILIBERTO;;;Scontro frontale/laterale DX fra veicoli in marcia;Intersezione semaforizzata;Una carreggiata a doppio senso;Bagnato (pioggia);Asfaltata;Verticale ed orizzontale;Pioggia in atto;Normale;Buona;Sufficiente;0;0;0;3;;;-1;1;Autovettura privata;In marcia / fermata / arresto;Conducente;M;Illeso;0;;Utilizzato;Inesistente
1672740;1;24/02/2006 02:10;Strada Urbana;PIAZZA DI PORTA S. GIOVANNI;all'intersezione semaforizzata con;VIA EMANUELE FILIBERTO;VIA EMANUELE FILIBERTO;;;Scontro frontale/laterale DX fra veicoli in marcia;Intersezione semaforizzata;Una carreggiata a doppio senso;Bagnato (pioggia);Asfaltata;Verticale ed orizzontale;Pioggia in atto;Normale;Buona;Sufficiente;0;0;0;3;;;-1;1;Autovettura privata;In marcia / fermata / arresto;Passeggero;M;Illeso;0;;Utilizzato;Inesistente
1672740;1;24/02/2006 02:10;Strada Urbana;PIAZZA DI PORTA S. GIOVANNI;all'intersezione semaforizzata con;VIA EMANUELE FILIBERTO;VIA EMANUELE FILIBERTO;;;Scontro frontale/laterale DX fra veicoli in marcia;Intersezione semaforizzata;Una carreggiata a doppio senso;Bagnato (pioggia);Asfaltata;Verticale ed orizzontale;Pioggia in atto;Normale;Buona;Sufficiente;0;0;0;3;;;-1;2;Autovettura privata;In marcia / fermata / arresto;Conducente;M;Illeso;0;;Utilizzato;Inesploso
1672741;1;24/02/2006 07:40;Strada Urbana;LARGO ENZO FIORITTO;all'intersezione con;VIALE GUIDO BACCELLI;VIALE GUIDO BACCELLI;;;Scontro frontale fra veicoli in marcia;Incrocio;Una carreggiata a doppio senso;Bagnato (pioggia);Asfaltata;Verticale ed orizzontale;Pioggia in atto;Normale;Buona;Ore Diurne;1;0;0;1;;;-1;1;Autovettura privata;In marcia / fermata / arresto;Conducente;M;Illeso;0;;Utilizzato;Inesploso
1672741;1;24/02/2006 07:40;Strada Urbana;LARGO ENZO FIORITTO;all'intersezione con;VIALE GUIDO BACCELLI;VIALE GUIDO BACCELLI;;;Scontro frontale fra veicoli in marcia;Incrocio;Una carreggiata a doppio senso;Bagnato (pioggia);Asfaltata;Verticale ed orizzontale;Pioggia in atto;Normale;Buona;Ore Diurne;1;0;0;1;;;-1;2;Motociclo a solo;In marcia / fermata / arresto;Conducente;M;Rimandato;0;NON DECEDUTO;Utilizzato;Inesistente
1672743;1;24/02/2006 08:45;Strada Urbana;VIALE DELLE TERME DI CARACALLA;in prossimità;;del palo luce n. ;76;;Infortunio per caduta del veicolo;Rettilineo;Più di due carreggiate;Bagnato (pioggia);Strada pavimentata dissestata;Verticale ed orizzontale;Pioggia in atto;Normale;Buona;Ore Diurne;1;0;0;0;;;-1;1;Motociclo a solo;In marcia / fermata / arresto;Conducente;M;Rimandato;0;NON DECEDUTO;Utilizzato;Inesistente
1672744;1;24/02/2006 09:25;Strada Urbana;VIA DEGLI ASTALLI;in corrispondenza;;del civico n. ;15;;Scontro laterale fra veicoli in marcia;Rettilineo;Una carreggiata a senso unico di marcia;Bagnato (pioggia);Acciotolata;Verticale ed orizzontale;Pioggia in atto;Normale;Buona;Ore Diurne;0;0;0;2;;;-1;1;Autobus urbano;In marcia / fermata / arresto;Conducente;M;Illeso;0;;Esente;Inesistente
1672744;1;24/02/2006 09:25;Strada Urbana;VIA DEGLI ASTALLI;in corrispondenza;;del civico n. ;15;;Scontro laterale fra veicoli in marcia;Rettilineo;Una carreggiata a senso unico di marcia;Bagnato (pioggia);Acciotolata;Verticale ed orizzontale;Pioggia in atto;Normale;Buona;Ore Diurne;0;0;0;2;;;-1;2;Autovettura privata;In marcia / fermata / arresto;Conducente;M;Illeso;0;;Utilizzato;Inesploso
1672745;1;24/02/2006 11:00;Strada Urbana;VIA MARGHERA;all'intersezione con;VIA PALESTRO;VIA PALESTRO;;;Scontro frontale/laterale SX fra veicoli in marcia;Incrocio;Una carreggiata a senso unico di marcia;Bagnato (pioggia);Asfaltata;Verticale ed orizzontale;Pioggia in atto;Normale;Buona;Ore Diurne;0;0;0;3;;;-1;1;Autovettura privata;In marcia / fermata / arresto;Conducente;F;Illeso;0;;Utilizzato;Inesploso
1672745;1;24/02/2006 11:00;Strada Urbana;VIA MARGHERA;all'intersezione con;VIA PALESTRO;VIA PALESTRO;;;Scontro frontale/laterale SX fra veicoli in marcia;Incrocio;Una carreggiata a senso unico di marcia;Bagnato (pioggia);Asfaltata;Verticale ed orizzontale;Pioggia in atto;Normale;Buona;Ore Diurne;0;0;0;3;;;-1;1;Autovettura privata;In marcia / fermata / arresto;Passeggero;F;Illeso;0;;Non accertato;Inesistente
1672745;1;24/02/2006 11:00;Strada Urbana;VIA MARGHERA;all'intersezione con;VIA PALESTRO;VIA PALESTRO;;;Scontro frontale/laterale SX fra veicoli in marcia;Incrocio;Una carreggiata a senso unico di marcia;Bagnato (pioggia);Asfaltata;Verticale ed orizzontale;Pioggia in atto;Normale;Buona;Ore Diurne;0;0;0;3;;;-1;2;Autovettura privata;In marcia / fermata / arresto;Conducente;M;Illeso;0;;Utilizzato;Inesploso
1672748;1;24/02/2006 18:25;Strada Urbana;VIA EMANUELE FILIBERTO;all'intersezione con;VIA PETRARCA;VIA PETRARCA;;;Scontro frontale/laterale SX fra veicoli in marcia;Incrocio;Una carreggiata a doppio senso;Bagnato (umidità in atto);Asfaltata;Verticale;Pioggia in atto;Normale;Buona;Sufficiente;0;0;0;2;;;-1;1;Autovettura privata;In marcia / fermata / arresto;Conducente;F;Illeso;0;;Non accertato;Inesistente
1672748;1;24/02/2006 18:25;Strada Urbana;VIA EMANUELE FILIBERTO;all'intersezione con;VIA PETRARCA;VIA PETRARCA;;;Scontro frontale/laterale SX fra veicoli in marcia;Incrocio;Una carreggiata a doppio senso;Bagnato (umidità in atto);Asfaltata;Verticale;Pioggia in atto;Normale;Buona;Sufficiente;0;0;0;2;;;-1;2;Autovettura privata;In marcia / fermata / arresto;Conducente;F;Illeso;0;;Non accertato;Inesistente
1672749;1;25/02/2006 08:20;Strada Urbana;VIALE PRETORIANO;all'intersezione semaforizzata con;VIALE PIERO GOBETTI;VIALE PIERO GOBETTI;;;Scontro laterale fra veicoli in marcia;Intersezione semaforizzata;Una carreggiata a doppio senso;Asciutto;Asfaltata;Verticale ed orizzontale;Nuvoloso;Normale;Buona;Ore Diurne;1;0;0;2;;;-1;1;Autovettura privata;In marcia / fermata / arresto;Conducente;M;Illeso;0;;Utilizzato;Inesistente
1672749;1;25/02/2006 08:20;Strada Urbana;VIALE PRETORIANO;all'intersezione semaforizzata con;VIALE PIERO GOBETTI;VIALE PIERO GOBETTI;;;Scontro laterale fra veicoli in marcia;Intersezione semaforizzata;Una carreggiata a doppio senso;Asciutto;Asfaltata;Verticale ed orizzontale;Nuvoloso;Normale;Buona;Ore Diurne;1;0;0;2;;;-1;1;Autovettura privata;In marcia / fermata / arresto;Passeggero;M;Illeso;0;;Utilizzato;Inesistente
1672749;1;25/02/2006 08:20;Strada Urbana;VIALE PRETORIANO;all'intersezione semaforizzata con;VIALE PIERO GOBETTI;VIALE PIERO GOBETTI;;;Scontro laterale fra veicoli in marcia;Intersezione semaforizzata;Una carreggiata a doppio senso;Asciutto;Asfaltata;Verticale ed orizzontale;Nuvoloso;Normale;Buona;Ore Diurne;1;0;0;2;;;-1;2;Ciclomotore;In marcia / fermata / arresto;Conducente;F;Rimandato;0;NON DECEDUTO;Utilizzato;Inesistente
1672750;2;23/02/2006 11:00;Strada Urbana;VIA NOMENTANA;all'intersezione semaforizzata con;VIA DI S. AGNESE;VIA DI S. AGNESE;;;Scontro laterale fra veicoli in marcia;Incrocio;Due carreggiate;Asciutto;Asfaltata;Verticale ed orizzontale;Nuvoloso;Normale;Buona;Ore Diurne;1;0;0;1;;;-1;1;Autovettura privata;In marcia / fermata / arresto;Conducente;M;Illeso;0;;Non accertato;Inesistente
1672750;2;23/02/2006 11:00;Strada Urbana;VIA NOMENTANA;all'intersezione semaforizzata con;VIA DI S. AGNESE;VIA DI S. AGNESE;;;Scontro laterale fra veicoli in marcia;Incrocio;Due carreggiate;Asciutto;Asfaltata;Verticale ed orizzontale;Nuvoloso;Normale;Buona;Ore Diurne;1;0;0;1;;;-1;2;Ciclomotore;In marcia / fermata / arresto;Conducente;M;Ricoverato;0;NON DECEDUTO;Non accertato;Inesistente
1672751;2;25/02/2006 11:20;Strada Urbana;PIAZZALE DELL'ACQUA ACETOSA;da specificare;;;;area parcheggio riservato ai mezzi Ama;Scontro laterale fra veicoli in marcia;Rettilineo;Una carreggiata a senso unico di marcia;Asciutto;Asfaltata;Verticale ed orizzontale;Nuvoloso;Scarso;Buona;Ore Diurne;0;0;0;2;;;-1;1;Autovettura privata;In marcia / fermata / arresto;Conducente;M;Illeso;0;;Non accertato;Inesistente
1672751;2;25/02/2006 11:20;Strada Urbana;PIAZZALE DELL'ACQUA ACETOSA;da specificare;;;;area parcheggio riservato ai mezzi Ama;Scontro laterale fra veicoli in marcia;Rettilineo;Una carreggiata a senso unico di marcia;Asciutto;Asfaltata;Verticale ed orizzontale;Nuvoloso;Scarso;Buona;Ore Diurne;0;0;0;2;;;-1;2;Autoveicolo trasp.promisc.;In marcia / fermata / arresto;Conducente;M;Illeso;0;;Non accertato;Inesistente
1672752;2;24/02/2006 10:40;Strada Urbana;VIA NOMENTANA;all'intersezione semaforizzata con;VIALE POLA;VIALE POLA;;;Scontro frontale/laterale DX fra veicoli in marcia;Intersezione semaforizzata;Una carreggiata a doppio senso;Bagnato (pioggia);Asfaltata;Verticale ed orizzontale;Pioggia in atto;Intenso;Buona;Ore Diurne;0;0;0;2;;;-1;1;Veicolo speciale;In marcia / fermata / arresto;Conducente;F;Illeso;0;;Non accertato;Inesistente
1672752;2;24/02/2006 10:40;Strada Urbana;VIA NOMENTANA;all'intersezione semaforizzata con;VIALE POLA;VIALE POLA;;;Scontro frontale/laterale DX fra veicoli in marcia;Intersezione semaforizzata;Una carreggiata a doppio senso;Bagnato (pioggia);Asfaltata;Verticale ed orizzontale;Pioggia in atto;Intenso;Buona;Ore Diurne;0;0;0;2;;;-1;2;Autovettura pubblica;In marcia / fermata / arresto;Conducente;M;Illeso;0;;Non accertato;Inesistente
1672753;2;24/02/2006 11:10;Strada Urbana;LUNGOTEVERE FLAMINIO;in corrispondenza;;del civico n. ;58;;Scontro laterale fra veicoli in marcia;Curva a visuale libera;Una carreggiata a doppio senso;Bagnato (pioggia);Asfaltata;Verticale ed orizzontale;Pioggia in atto;Normale;Buona;Ore Diurne;0;0;0;3;;;-1;1;Autovettura privata;In marcia / fermata / arresto;Conducente;F;Illeso;0;;Non accertato;Inesistente
1672753;2;24/02/2006 11:10;Strada Urbana;LUNGOTEVERE FLAMINIO;in corrispondenza;;del civico n. ;58;;Scontro laterale fra veicoli in marcia;Curva a visuale libera;Una carreggiata a doppio senso;Bagnato (pioggia);Asfaltata;Verticale ed orizzontale;Pioggia in atto;Normale;Buona;Ore Diurne;0;0;0;3;;;-1;1;Autovettura privata;In marcia / fermata / arresto;Passeggero;M;Illeso;0;;Non accertato;Inesistente
1672753;2;24/02/2006 11:10;Strada Urbana;LUNGOTEVERE FLAMINIO;in corrispondenza;;del civico n. ;58;;Scontro laterale fra veicoli in marcia;Curva a visuale libera;Una carreggiata a doppio senso;Bagnato (pioggia);Asfaltata;Verticale ed orizzontale;Pioggia in atto;Normale;Buona;Ore Diurne;0;0;0;3;;;-1;2;Autovettura privata;In marcia / fermata / arresto;Conducente;F;Illeso;0;;Non accertato;Inesistente
1672754;2;24/02/2006 13:00;Strada Urbana;VIA FLAMINIA;in prossimità;;del civico n. ;181;;Veicolo in marcia contro ostacolo accidentale;Rettilineo;Una carreggiata a senso unico di marcia;Bagnato (pioggia);Asfaltata;Orizzontale;Pioggia in atto;Normale;Buona;Ore Diurne;0;0;0;1;;;-1;1;Autovettura privata;In marcia / fermata / arresto;Conducente;F;Illeso;0;;Non accertato;Inesistente
1672755;2;24/02/2006 13:45;Strada Urbana;VIA EMANUELE GIANTURCO;in prossimità;;del civico n. ;5;;Veicolo in marcia contro ostacolo accidentale;Rettilineo;Una carreggiata a doppio senso;Bagnato (pioggia);Con buche;Verticale ed orizzontale;Pioggia in atto;Normale;Buona;Ore Diurne;0;0;0;2;;;-1;1;Autovettura privata;In marcia / fermata / arresto;Conducente;F;Illeso;0;;Non accertato;Inesistente
1672755;2;24/02/2006 13:45;Strada Urbana;VIA EMANUELE GIANTURCO;in prossimità;;del civico n. ;5;;Veicolo in marcia contro ostacolo accidentale;Rettilineo;Una carreggiata a doppio senso;Bagnato (pioggia);Con buche;Verticale ed orizzontale;Pioggia in atto;Normale;Buona;Ore Diurne;0;0;0;2;;;-1;1;Autovettura privata;In marcia / fermata / arresto;Passeggero;F;Illeso;0;;Non accertato;Inesistente