Protocollo;Gruppo;DataOraIncidente;Localizzazione1;STRADA1;Localizzazione2;STRADA2;Strada02;Chilometrica;DaSpecificare;NaturaIncidente;particolaritastrade;TipoStrada;FondoStradale;Pavimentazione;Segnaletica;CondizioneAtmosferica;Traffico;Visibilita;Illuminazione;NUM_FERITI;NUM_RISERVATA;NUM_MORTI;NUM_ILLESI;Longitudine;Latitudine;Confermato;Progressivo;TipoVeicolo;StatoVeicolo;TipoPersona;Sesso;Tipolesione;Deceduto;DecedutoDopo;CinturaCascoUtilizzato;Airbag
1672948;8;24/02/2006 17:20;Strada Urbana;VIA ALFONSO ALBERGHETTI;all'intersezione con;VIA CARLO SARACENI;VIA CARLO SARACENI;;;Scontro laterale fra veicoli in marcia;Intersezione stradale segnalata;Una carreggiata a senso unico di marcia;Bagnato (pioggia);Asfaltata;Verticale;Pioggia in atto;Normale;Sufficiente;Sufficiente;3;0;0;1;;;-1;1;Autovettura privata;In marcia / fermata / arresto;Passeggero;F;Rimandato;0;NON DECEDUTO;Non accertato;Inesploso
1672948;8;24/02/2006 17:20;Strada Urbana;VIA ALFONSO ALBERGHETTI;all'intersezione con;VIA CARLO SARACENI;VIA CARLO SARACENI;;;Scontro laterale fra veicoli in marcia;Intersezione stradale segnalata;Una carreggiata a senso unico di marcia;Bagnato (pioggia);Asfaltata;Verticale;Pioggia in atto;Normale;Sufficiente;Sufficiente;3;0;0;1;;;-1;1;Autovettura privata;In marcia / fermata / arresto;Passeggero;F;Rimandato;0;NON DECEDUTO;Non accertato;Inesistente
1672948;8;24/02/2006 17:20;Strada Urbana;VIA ALFONSO ALBERGHETTI;all'intersezione con;VIA CARLO SARACENI;VIA CARLO SARACENI;;;Scontro laterale fra veicoli in marcia;Intersezione stradale segnalata;Una carreggiata a senso unico di marcia;Bagnato (pioggia);Asfaltata;Verticale;Pioggia in atto;Normale;Sufficiente;Sufficiente;3;0;0;1;;;-1;2;Autovettura privata;In marcia / fermata / arresto;Conducente;F;Illeso;0;;Non accertato;Inesploso
1672949;8;24/02/2006 18:45;Statale entro l'abitato;VIA CASILINA;all'intersezione con;VIA DEI RUDERI DI TORRENOVA;VIA DEI RUDERI DI TORRENOVA;;;Scontro laterale fra veicoli in marcia;Incrocio;Una carreggiata a doppio senso;Bagnato (pioggia);Asfaltata;Verticale ed orizzontale;Pioggia in atto;Intenso;Buona;Insufficiente;0;0;0;2;;;-1;1;Autovettura privata;In marcia / fermata / arresto;Conducente;M;Illeso;0;;Non accertato;Inesistente
1672949;8;24/02/2006 18:45;Statale entro l'abitato;VIA CASILINA;all'intersezione con;VIA DEI RUDERI DI TORRENOVA;VIA DEI RUDERI DI TORRENOVA;;;Scontro laterale fra veicoli in marcia;Incrocio;Una carreggiata a doppio senso;Bagnato (pioggia);Asfaltata;Verticale ed orizzontale;Pioggia in atto;Intenso;Buona;Insufficiente;0;0;0;2;;;-1;2;Autocarro inferiore 35 q.;In marcia / fermata / arresto;Conducente;M;Illeso;0;;Non accertato;Inesistente
1672950;8;24/02/2006 21:00;Strada Urbana;VIA DI VERMICINO;all'intersezione con;VIA LERCARA FRIDDI;VIA LERCARA FRIDDI;;;Scontro frontale/laterale SX fra veicoli in marcia;Incrocio;Una carreggiata a doppio senso;Bagnato (pioggia);Asfaltata;Verticale ed orizzontale;Pioggia in atto;Scarso;Buona;Sufficiente;0;0;0;1;;;-1;1;Autovettura privata;In marcia / fermata / arresto;Conducente;M;Illeso;0;;Non accertato;Inesistente
1672951;8;25/02/2006 04:30;Strada Urbana;VIA WALTER TOBAGI;in corrispondenza;;del civico n. ;29;;Veicolo in marcia contro ostacolo accidentale;Rettilineo;Una carreggiata a doppio senso;Bagnato (pioggia);Con buche;Verticale ed orizzontale;Pioggia in atto;Scarso;Sufficiente;Sufficiente;0;0;0;1;;;-1;1;Autovettura privata;In marcia / fermata / arresto;Conducente;M;Illeso;0;;Non accertato;Inesistente
1672952;8;25/02/2006 04:30;Strada Urbana;VIA WALTER TOBAGI;in corrispondenza;;del civico n. ;29;;Veicolo in marcia contro ostacolo accidentale;Curva a visuale libera;Una carreggiata a doppio senso;Bagnato (pioggia);Con buche;Verticale ed orizzontale;Nuvoloso;Scarso;Buona;Sufficiente;0;0;0;1;;;-1;1;Autovettura privata;In marcia / fermata / arresto;Conducente;M;Illeso;0;;Non accertato;Inesistente
1672953;8;25/02/2006 05:45;Statale entro l'abitato;VIA PRENESTINA;all'intersezione con;VIA DI TORRENOVA;VIA DI TORRENOVA;;;Veicolo in marcia contro ostacolo accidentale;Incrocio;Una carreggiata a doppio senso;Bagnato (pioggia);Con buche;Verticale ed orizzontale;Pioggia in atto;Scarso;Insufficiente;Insufficiente;0;0;0;1;;;-1;1;Autovettura privata;In marcia / fermata / arresto;Conducente;M;Illeso;0;;Non accertato;Inesistente
1672954;8;25/02/2006 05:45;Statale entro l'abitato;VIA PRENESTINA;all'intersezione con;VIA DI TORRENOVA;VIA DI TORRENOVA;;;Veicolo in marcia contro ostacolo accidentale;Incrocio;Una carreggiata a doppio senso;Bagnato (pioggia);Con buche;Verticale ed orizzontale;Pioggia in atto;Scarso;Insufficiente;Insufficiente;0;0;0;1;;;-1;1;Autovettura privata;In marcia / fermata / arresto;Conducente;M;Illeso;0;;Non accertato;Inesistente
1672955;8;25/02/2006 07:15;Strada Urbana;VIALE DELLA SORBONA;all'intersezione con;VIA SILICELLA;VIA SILICELLA;;;Veicolo in marcia contro ostacolo accidentale;Rotatoria;Due carreggiate;Bagnato (pioggia);Strada pavimentata dissestata;Verticale ed orizzontale;Nuvoloso;Normale;Sufficiente;Ore Diurne;0;0;0;1;;;-1;1;Autovettura privata;In marcia / fermata / arresto;Conducente;M;Illeso;0;;Non accertato;Inesploso
1672957;8;25/02/2006 11:00;Strada Urbana;VIA SILICELLA;in prossimità;;del civico n. ;45;;Veicolo in marcia contro ostacolo accidentale;Rettilineo;Una carreggiata a doppio senso;Bagnato (umidità in atto);Strada pavimentata dissestata;Assente;Nuvoloso;Normale;Sufficiente;Ore Diurne;0;0;0;2;;;-1;1;Autovettura privata;In marcia / fermata / arresto;Conducente;F;Illeso;0;;Non accertato;Inesploso
1672957;8;25/02/2006 11:00;Strada Urbana;VIA SILICELLA;in prossimità;;del civico n. ;45;;Veicolo in marcia contro ostacolo accidentale;Rettilineo;Una carreggiata a doppio senso;Bagnato (umidità in atto);Strada pavimentata dissestata;Assente;Nuvoloso;Normale;Sufficiente;Ore Diurne;0;0;0;2;;;-1;1;Autovettura privata;In marcia / fermata / arresto;Passeggero;M;Illeso;0;;Non accertato;Inesistente
1672958;8;25/02/2006 20:30;Statale entro l'abitato;VIA CASILINA;da specificare;;;;fronte  via grammichele ;Veicolo in marcia contro ostacolo accidentale;Rettilineo;Una carreggiata a doppio senso;Bagnato (pioggia);Asfaltata;Verticale ed orizzontale;Nuvoloso;Normale;Sufficiente;Sufficiente;0;0;0;1;;;-1;1;Autovettura privata;In marcia / fermata / arresto;Conducente;M;Illeso;0;;Non accertato;Inesploso
1672959;8;26/02/2006 05:40;Statale entro l'abitato;VIA CASILINA;da specificare;;;;altezza via dell'Aquila Reale;Tamponamento;Rettilineo;Una carreggiata a doppio senso;Asciutto;Asfaltata;Verticale ed orizzontale;Sereno;Scarso;Buona;Sufficiente;0;0;0;3;;;-1;1;Autovettura privata;In marcia / fermata / arresto;Conducente;M;Illeso;0;;Utilizzato;Inesploso
1672959;8;26/02/2006 05:40;Statale entro l'abitato;VIA CASILINA;da specificare;;;;altezza via dell'Aquila Reale;Tamponamento;Rettilineo;Una carreggiata a doppio senso;Asciutto;Asfaltata;Verticale ed orizzontale;Sereno;Scarso;Buona;Sufficiente;0;0;0;3;;;-1;1;Autovettura privata;In marcia / fermata / arresto;Passeggero;F;Illeso;0;;Utilizzato;Inesploso
1672959;8;26/02/2006 05:40;Statale entro l'abitato;VIA CASILINA;da specificare;;;;altezza via dell'Aquila Reale;Tamponamento;Rettilineo;Una carreggiata a doppio senso;Asciutto;Asfaltata;Verticale ed orizzontale;Sereno;Scarso;Buona;Sufficiente;0;0;0;3;;;-1;1;Autovettura privata;In marcia / fermata / arresto;Passeggero;F;Illeso;0;;Utilizzato;Inesploso
1672960;8;26/02/2006 06:00;Strada Urbana;VIA POLENSE;all'intersezione con;VIA DI LUNGHEZZINA;VIA DI LUNGHEZZINA;;;Veicolo in marcia contro ostacolo fisso;Intersezione stradale segnalata;Una carreggiata a doppio senso;Asciutto;Asfaltata;Verticale ed orizzontale;Sereno;Scarso;Insufficiente;Inesistente;1;0;0;0;;;-1;1;Autovettura privata;In marcia / fermata / arresto;Conducente;M;Rifiuta cure immediate;0;NON DECEDUTO;Utilizzato;Inesistente
1672961;8;26/02/2006 09:30;Strada Urbana;VIA PIETRO BELON;in prossimità;;del civico n. ;141;;Veicolo in marcia contro ostacolo accidentale;Rettilineo;Una carreggiata a doppio senso;Asciutto;Con buche;Verticale ed orizzontale;Sereno;Scarso;Buona;Ore Diurne;0;0;0;2;;;-1;1;Autovettura privata;In marcia / fermata / arresto;Conducente;M;Illeso;0;;Non accertato;Inesploso
1672961;8;26/02/2006 09:30;Strada Urbana;VIA PIETRO BELON;in prossimità;;del civico n. ;141;;Veicolo in marcia contro ostacolo accidentale;Rettilineo;Una carreggiata a doppio senso;Asciutto;Con buche;Verticale ed orizzontale;Sereno;Scarso;Buona;Ore Diurne;0;0;0;2;;;-1;1;Autovettura privata;In marcia / fermata / arresto;Passeggero;F;Illeso;0;;Non accertato;Inesistente
1672962;8;26/02/2006 09:45;Strada Urbana;VIA PIETRO BELON;in prossimità;;del civico n. ;141;;Veicolo in marcia contro ostacolo accidentale;Rettilineo;Una carreggiata a doppio senso;Asciutto;Con buche;Verticale ed orizzontale;Sereno;Scarso;Buona;Ore Diurne;0;0;0;1;;;-1;1;Autovettura privata;In marcia / fermata / arresto;Conducente;M;Illeso;0;;Non accertato;Inesploso
1672963;8;26/02/2006 12:00;Strada Urbana;VIA DI TORRE SPACCATA;all'intersezione con;VIALE DEI ROMANISTI;VIALE DEI ROMANISTI;;;Veicolo in marcia contro ostacolo accidentale;Incrocio;Una carreggiata a doppio senso;Asciutto;Con buche;Verticale ed orizzontale;Sereno;Normale;Buona;Ore Diurne;0;0;0;2;;;-1;1;Autovettura privata;In marcia / fermata / arresto;Conducente;M;Illeso;0;;Non accertato;Inesistente
1672963;8;26/02/2006 12:00;Strada Urbana;VIA DI TORRE SPACCATA;all'intersezione con;VIALE DEI ROMANISTI;VIALE DEI ROMANISTI;;;Veicolo in marcia contro ostacolo accidentale;Incrocio;Una carreggiata a doppio senso;Asciutto;Con buche;Verticale ed orizzontale;Sereno;Normale;Buona;Ore Diurne;0;0;0;2;;;-1;1;Autovettura privata;In marcia / fermata / arresto;Passeggero;M;Illeso;0;;Non accertato;Inesistente
1672964;8;26/02/2006 12:20;Strada Urbana;VIA DI ROCCA CENCIA;all'intersezione con;VIA SERRA PEDACE;VIA SERRA PEDACE;;;Scontro laterale fra veicoli in marcia;Incrocio;Una carreggiata a doppio senso;Asciutto;Asfaltata;Verticale ed orizzontale;Sereno;Normale;Buona;Ore Diurne;0;0;0;2;;;-1;1;Autovettura privata;In marcia / fermata / arresto;Conducente;M;Illeso;0;;Non accertato;Inesploso
1672964;8;26/02/2006 12:20;Strada Urbana;VIA DI ROCCA CENCIA;all'intersezione con;VIA SERRA PEDACE;VIA SERRA PEDACE;;;Scontro laterale fra veicoli in marcia;Incrocio;Una carreggiata a doppio senso;Asciutto;Asfaltata;Verticale ed orizzontale;Sereno;Normale;Buona;Ore Diurne;0;0;0;2;;;-1;2;Autovettura privata;In marcia / fermata / arresto;Conducente;M;Illeso;0;;Non accertato;Inesistente
1672965;8;26/02/2006 12:30;Strada Urbana;VIA DI TORRENOVA;in prossimità;;del civico n. ;67;;Veicolo in marcia contro ostacolo accidentale;Rettilineo;Una carreggiata a doppio senso;Asciutto;Con buche;Assente;Sereno;Normale;Buona;Ore Diurne;0;0;0;2;;;-1;1;Autovettura privata;In marcia / fermata / arresto;Passeggero;M;Illeso;0;;Non accertato;Inesistente
1672965;8;26/02/2006 12:30;Strada Urbana;VIA DI TORRENOVA;in prossimità;;del civico n. ;67;;Veicolo in marcia contro ostacolo accidentale;Rettilineo;Una carreggiata a doppio senso;Asciutto;Con buche;Assente;Sereno;Normale;Buona;Ore Diurne;0;0;0;2;;;-1;1;Autovettura privata;In marcia / fermata / arresto;Conducente;M;Illeso;0;;Non accertato;Inesistente
1672966;8;26/02/2006 13:25;Strada Urbana;VIA DEL FUOCO SACRO;da specificare;;;;50 mt. dopo viale di tor bella monaca direz. gra;Veicolo in marcia contro ostacolo accidentale;Curva a visuale libera;Una carreggiata a doppio senso;Bagnato (pioggia);Con buche;Verticale ed orizzontale;Sereno;Normale;Buona;Ore Diurne;0;0;0;1;;;0;1;Autovettura privata;In marcia / fermata / arresto;Conducente;F;Illeso;0;;Non accertato;Inesploso
1672967;8;26/02/2006 16:45;Strada Urbana;VIA GUASILA;in prossimità;;del civico n. ;28;;Veicolo in marcia contro ostacolo fisso;Rettilineo;Una carreggiata a senso unico di marcia;Asciutto;Asfaltata;Assente;Sereno;Scarso;Buona;Ore Diurne;0;0;0;1;;;-1;1;Autovettura privata;In marcia / fermata / arresto;Conducente;M;Illeso;0;;Non accertato;Inesploso
1672968;8;01/02/2006 17:00;Strada Urbana;VIALE DEI ROMANISTI;in prossimità;;del civico n. ;127;;Veicolo in marcia contro ostacolo accidentale;Rettilineo;Una carreggiata a doppio senso;Asciutto;Asfaltata;Verticale ed orizzontale;Sereno;Scarso;Buona;Ore Diurne;0;0;0;2;;;-1;1;Autovettura privata;In marcia / fermata / arresto;Conducente;M;Illeso;0;;Utilizzato;Inesploso
1672968;8;01/02/2006 17:00;Strada Urbana;VIALE DEI ROMANISTI;in prossimità;;del civico n. ;127;;Veicolo in marcia contro ostacolo accidentale;Rettilineo;Una carreggiata a doppio senso;Asciutto;Asfaltata;Verticale ed orizzontale;Sereno;Scarso;Buona;Ore Diurne;0;0;0;2;;;-1;1;Autovettura privata;In marcia / fermata / arresto;Passeggero;M;Illeso;0;;Utilizzato;Inesploso
1672969;8;26/02/2006 18:30;Strada Urbana;VIA DEL PONTE DI NONA;da specificare;;;;300 mt. prima di via collatina;Veicolo in marcia contro ostacolo accidentale;Rettilineo;Una carreggiata a doppio senso;Asciutto;Asfaltata;Verticale ed orizzontale;Sereno;Scarso;Insufficiente;Inesistente;0;0;0;1;;;-1;1;Autovettura privata;In marcia / fermata / arresto;Conducente;M;Illeso;0;;Non accertato;Inesistente
1672970;8;26/02/2006 18:50;Strada Urbana;VIALE OXFORD;da specificare;;;;100 mt. dopo ponte Casilina di via T. B. M.;Veicolo in marcia contro ostacolo accidentale;Rettilineo;Una carreggiata a senso unico di marcia;Asciutto;Asfaltata;Verticale ed orizzontale;Sereno;Normale;Buona;Sufficiente;0;0;0;1;;;-1;1;Autovettura privata;In marcia / fermata / arresto;Conducente;F;Illeso;0;;Non utilizzato;Inesploso
1672971;8;26/02/2006 19:00;Strada Urbana;VIALE OXFORD;da specificare;;;;100 mt. dopo il ponte di via Casilina direz. T.B.M;Veicolo in marcia contro ostacolo accidentale;Rettilineo;Una carreggiata a senso unico di marcia;Asciutto;Asfaltata;Verticale ed orizzontale;Sereno;Normale;Buona;Sufficiente;0;0;0;1;;;-1;1;Autovettura privata;In marcia / fermata / arresto;Conducente;M;Illeso;0;;Non accertato;Inesploso
1672972;8;01/02/2006 14:00;Strada Urbana;VIA WALTER TOBAGI;all'intersezione con;VIA GIUSEPPE GINANNI;VIA GIUSEPPE GINANNI;;;Veicolo in marcia contro ostacolo accidentale;Intersezione semaforizzata;Una carreggiata a doppio senso;Bagnato (pioggia);Asfaltata;Verticale ed orizzontale;Pioggia in atto;Normale;Buona;Ore Diurne;0;0;0;1;;;-1;1;Autovettura privata;In marcia / fermata / arresto;Conducente;M;Illeso;0;;Non accertato;Inesistente
1672973;8;26/02/2006 19:30;Strada Urbana;VIALE OXFORD;da specificare;;;;altezza cavalcavia Casilina;Veicolo in marcia contro ostacolo accidentale;Rettilineo;Una carreggiata a senso unico di marcia;Asciutto;Asfaltata;Orizzontale;Sereno;Intenso;Buona;Sufficiente;0;0;0;1;;;-1;1;Autovettura privata;In marcia / fermata / arresto;Conducente;M;Illeso;0;;Non utilizzato;Inesploso
1672974;8;26/02/2006 19:30;Strada Urbana;VIA CASILINA;in prossimità;;del civico n. ;1759;;Scontro frontale/laterale SX fra veicoli in marcia;Rettilineo;Una carreggiata a doppio senso;Asciutto;Asfaltata;Verticale ed orizzontale;Sereno;Normale;Buona;Sufficiente;0;0;0;2;;;-1;1;Autovettura privata;In marcia / fermata / arresto;Conducente;M;Illeso;0;;Non accertato;Inesistente
1672974;8;26/02/2006 19:30;Strada Urbana;VIA CASILINA;in prossimità;;del civico n. ;1759;;Scontro frontale/laterale SX fra veicoli in marcia;Rettilineo;Una carreggiata a doppio senso;Asciutto;Asfaltata;Verticale ed orizzontale;Sereno;Normale;Buona;Sufficiente;0;0;0;2;;;-1;2;Autovettura privata;In marcia / fermata / arresto;Conducente;M;Illeso;0;;Non accertato;Inesistente
1672975;8;26/02/2006 19:40;Strada Urbana;VIA DI TOR BELLA MONACA;da specificare;;;;prossimità via del Fuoco Sacro;Veicolo in marcia contro ostacolo accidentale;Curva a visuale libera;Una carreggiata a doppio senso;Bagnato (pioggia);Asfaltata;Verticale ed orizzontale;Pioggia in atto;Normale;Buona;Sufficiente;0;0;0;3;;;-1;1;Autovettura privata;In marcia / fermata / arresto;Conducente;M;Illeso;0;;Utilizzato;Inesploso
1672975;8;26/02/2006 19:40;Strada Urbana;VIA DI TOR BELLA MONACA;da specificare;;;;prossimità via del Fuoco Sacro;Veicolo in marcia contro ostacolo accidentale;Curva a visuale libera;Una carreggiata a doppio senso;Bagnato (pioggia);Asfaltata;Verticale ed orizzontale;Pioggia in atto;Normale;Buona;Sufficiente;0;0;0;3;;;-1;1;Autovettura privata;In marcia / fermata / arresto;Passeggero;M;Illeso;0;;Utilizzato;Inesistente
1672975;8;26/02/2006 19:40;Strada Urbana;VIA DI TOR BELLA MONACA;da specificare;;;;prossimità via del Fuoco Sacro;Veicolo in marcia contro ostacolo accidentale;Curva a visuale libera;Una carreggiata a doppio senso;Bagnato (pioggia);Asfaltata;Verticale ed orizzontale;Pioggia in atto;Normale;Buona;Sufficiente;0;0;0;3;;;-1;1;Autovettura privata;In marcia / fermata / arresto;Passeggero;M;Illeso;0;;Utilizzato;Inesistente
1672976;8;26/02/2006 20:00;Strada Urbana;VIA DEL TORRACCIO DI TORRENOVA;in corrispondenza;;del civico n. ;92;;Scontro laterale fra veicoli in marcia;Rettilineo;Una carreggiata a doppio senso;Asciutto;Asfaltata;Verticale;Sereno;Scarso;Sufficiente;Sufficiente;1;0;0;2;;;-1;1;Autovettura privata;In marcia / fermata / arresto;Passeggero;F;Illeso;0;;Non accertato;Inesploso
1672976;8;26/02/2006 20:00;Strada Urbana;VIA DEL TORRACCIO DI TORRENOVA;in corrispondenza;;del civico n. ;92;;Scontro laterale fra veicoli in marcia;Rettilineo;Una carreggiata a doppio senso;Asciutto;Asfaltata;Verticale;Sereno;Scarso;Sufficiente;Sufficiente;1;0;0;2;;;-1;1;Autovettura privata;In marcia / fermata / arresto;Passeggero;M;Rimandato;0;NON DECEDUTO;Non accertato;Esploso
1672976;8;26/02/2006 20:00;Strada Urbana;VIA DEL TORRACCIO DI TORRENOVA;in corrispondenza;;del civico n. ;92;;Scontro laterale fra veicoli in marcia;Rettilineo;Una carreggiata a doppio senso;Asciutto;Asfaltata;Verticale;Sereno;Scarso;Sufficiente;Sufficiente;1;0;0;2;;;-1;1;Autovettura privata;In marcia / fermata / arresto;Conducente;M;Illeso;0;;Utilizzato;Inesploso
1672977;8;26/02/2006 21:30;Strada Urbana;VIA CASILINA;all'intersezione con;VIA MUSSOMELI;VIA MUSSOMELI;;;Scontro laterale fra veicoli in marcia;Incrocio;Una carreggiata a doppio senso;Asciutto;Asfaltata;Verticale ed orizzontale;Nuvoloso;Normale;Buona;Sufficiente;1;0;0;4;;;-1;1;Autovettura privata;In marcia / fermata / arresto;Conducente;M;Illeso;0;;Non accertato;Inesistente
1672977;8;26/02/2006 21:30;Strada Urbana;VIA CASILINA;all'intersezione con;VIA MUSSOMELI;VIA MUSSOMELI;;;Scontro laterale fra veicoli in marcia;Incrocio;Una carreggiata a doppio senso;Asciutto;Asfaltata;Verticale ed orizzontale;Nuvoloso;Normale;Buona;Sufficiente;1;0;0;4;;;-1;1;Autovettura privata;In marcia / fermata / arresto;Passeggero;M;Illeso;0;;Non accertato;Inesistente
1672977;8;26/02/2006 21:30;Strada Urbana;VIA CASILINA;all'intersezione con;VIA MUSSOMELI;VIA MUSSOMELI;;;Scontro laterale fra veicoli in marcia;Incrocio;Una carreggiata a doppio senso;Asciutto;Asfaltata;Verticale ed orizzontale;Nuvoloso;Normale;Buona;Sufficiente;1;0;0;4;;;-1;2;Autovettura privata;In marcia / fermata / arresto;Conducente;M;Rifiuta cure immediate;0;NON DECEDUTO;Non accertato;Inesistente
1672977;8;26/02/2006 21:30;Strada Urbana;VIA CASILINA;all'intersezione con;VIA MUSSOMELI;VIA MUSSOMELI;;;Scontro laterale fra veicoli in marcia;Incrocio;Una carreggiata a doppio senso;Asciutto;Asfaltata;Verticale ed orizzontale;Nuvoloso;Normale;Buona;Sufficiente;1;0;0;4;;;-1;2;Autovettura privata;In marcia / fermata / arresto;Passeggero;M;Illeso;0;;Non accertato;Inesistente
1672977;8;26/02/2006 21:30;Strada Urbana;VIA CASILINA;all'intersezione con;VIA MUSSOMELI;VIA MUSSOMELI;;;Scontro laterale fra veicoli in marcia;Incrocio;Una carreggiata a doppio senso;Asciutto;Asfaltata;Verticale ed orizzontale;Nuvoloso;Normale;Buona;Sufficiente;1;0;0;4;;;-1;3;Autovettura privata;In marcia / fermata / arresto;Conducente;M;Illeso;0;;Non accertato;Inesistente
1672978;8;26/02/2006 22:20;Strada Urbana;VIA COLLATINA;in prossimità;;del civico n. ;600;;Veicolo in marcia contro ostacolo accidentale;Pendenza;Una carreggiata a doppio senso;Asciutto;Con buche;Assente;Sereno;Scarso;Insufficiente;Insufficiente;0;0;0;2;;;-1;1;Autovettura privata;In marcia / fermata / arresto;Conducente;M;Illeso;0;;Utilizzato;Inesploso
1672978;8;26/02/2006 22:20;Strada Urbana;VIA COLLATINA;in prossimità;;del civico n. ;600;;Veicolo in marcia contro ostacolo accidentale;Pendenza;Una carreggiata a doppio senso;Asciutto;Con buche;Assente;Sereno;Scarso;Insufficiente;Insufficiente;0;0;0;2;;;-1;1;Autovettura privata;In marcia / fermata / arresto;Passeggero;F;Illeso;0;;Non accertato;Inesistente
1672979;8;27/02/2006 08:10;Strada Urbana;VIALE NUSCO;in prossimità;;del civico n. ;67 b;;Veicolo in marcia contro ostacolo accidentale;Rettilineo;Due carreggiate;Bagnato (pioggia);Strada pavimentata dissestata;Verticale ed orizzontale;Nuvoloso;Normale;Buona;Ore Diurne;0;0;0;1;;;-1;1;Autovettura privata;In marcia / fermata / arresto;Conducente;F;Illeso;0;;Non accertato;Inesploso
1672980;8;27/02/2006 08:20;Strada Urbana;VIALE DEI ROMANISTI;in corrispondenza;;del civico n. ;33;;Veicolo in marcia contro veicolo fermo;Rettilineo;Due carreggiate;Bagnato (pioggia);Asfaltata;Verticale ed orizzontale;Pioggia in atto;Normale;Buona;Ore Diurne;2;0;0;1;;;-1;;;;Pedone;F;Rifiuta cure immediate;0;NON DECEDUTO;;
1672980;8;27/02/2006 08:20;Strada Urbana;VIALE DEI ROMANISTI;in corrispondenza;;del civico n. ;33;;Veicolo in marcia contro veicolo fermo;Rettilineo;Due carreggiate;Bagnato (pioggia);Asfaltata;Verticale ed orizzontale;Pioggia in atto;Normale;Buona;Ore Diurne;2;0;0;1;;;-1;1;Autobus di linea;In marcia / fermata / arresto;Conducente;M;Illeso;0;;Non utilizzato;Inesistente
1672980;8;27/02/2006 08:20;Strada Urbana;VIALE DEI ROMANISTI;in corrispondenza;;del civico n. ;33;;Veicolo in marcia contro veicolo fermo;Rettilineo;Due carreggiate;Bagnato (pioggia);Asfaltata;Verticale ed orizzontale;Pioggia in atto;Normale;Buona;Ore Diurne;2;0;0;1;;;-1;2;Motociclo a solo;In marcia / fermata / arresto;Conducente;M;Rimandato;0;NON DECEDUTO;Non accertato;Inesistente
1672981;8;27/02/2006 11:00;Strada Urbana;VIA DI TORRENOVA;da specificare;;;;ALTEZZA SVINCOLO TOR BELLA MONACA;Veicolo in marcia contro ostacolo accidentale;Curva a visuale libera;Una carreggiata a doppio senso;Bagnato (pioggia);Con buche;Verticale ed orizzontale;Pioggia in atto;Normale;Buona;Ore Diurne;0;0;0;1;;;-1;1;Autovettura privata;In marcia / fermata / arresto;Conducente;M;Illeso;0;;Non accertato;Inesploso
1672982;8;27/02/2006 11:20;Strada Urbana;VIALE DEI ROMANISTI;in corrispondenza;;del civico n. ;2;;Veicolo in marcia contro ostacolo accidentale;Rettilineo;Una carreggiata a senso unico di marcia;Bagnato (pioggia);Con buche;Verticale ed orizzontale;Nuvoloso;Normale;Buona;Ore Diurne;0;0;0;1;;;-1;1;Autovettura privata;In marcia / fermata / arresto;Conducente;M;Illeso;0;;Non accertato;Inesistente
1672983;8;27/02/2006 15:00;Provinciale entro l'abitato;VIA PRENESTINA;in prossimità;;del palo luce n. ;481;;Veicolo in marcia contro ostacolo accidentale;Rettilineo;Una carreggiata a doppio senso;Bagnato (pioggia);Asfaltata;Verticale ed orizzontale;Pioggia in atto;Normale;Sufficiente;Ore Diurne;0;0;0;1;;;-1;1;Autovettura privata;In marcia / fermata / arresto;Conducente;M;Illeso;0;;Non accertato;Inesistente
1672984;8;27/02/2006 16:45;Strada Urbana;VIA DEL PONTE DI NONA;da specificare;;;;300 mt. prima di via Prenestina;Scontro laterale fra veicoli in marcia;Rettilineo;Una carreggiata a doppio senso;Asciutto;Asfaltata;Verticale ed orizzontale;Sereno;Normale;Buona;Ore Diurne;0;0;0;5;;;-1;1;Autovettura privata;In marcia / fermata / arresto;Conducente;M;Illeso;0;;Non accertato;Inesistente
1672984;8;27/02/2006 16:45;Strada Urbana;VIA DEL PONTE DI NONA;da specificare;;;;300 mt. prima di via Prenestina;Scontro laterale fra veicoli in marcia;Rettilineo;Una carreggiata a doppio senso;Asciutto;Asfaltata;Verticale ed orizzontale;Sereno;Normale;Buona;Ore Diurne;0;0;0;5;;;-1;2;Autovettura privata;In marcia / fermata / arresto;Conducente;M;Illeso;0;;Non accertato;Inesistente
1672984;8;27/02/2006 16:45;Strada Urbana;VIA DEL PONTE DI NONA;da specificare;;;;300 mt. prima di via Prenestina;Scontro laterale fra veicoli in marcia;Rettilineo;Una carreggiata a doppio senso;Asciutto;Asfaltata;Verticale ed orizzontale;Sereno;Normale;Buona;Ore Diurne;0;0;0;5;;;-1;2;Autovettura privata;In marcia / fermata / arresto;Passeggero;F;Illeso;0;;Non accertato;Inesistente